branch,group,group_name,subgroup,diagram_title,part_count,source_url,image_url
body_chassis_44V,24,24,005,DESIGN GROUP ORIENTATION TABLE,0,https://www.ilcats.ru/?brand=mercedes&vin=ADB2020186F450004&function=getParts&class=1&catalog=44V&aggtype=FG&model=202018&group=24&subgroup=005&VinAction=Choose&language=en,https://images.ilcats.ru/getImage.php?catalog=mercedes&filename=BM_IMAGES_ARC/B240/B24005000002.080624.png&hash=6b775a55c8069c5bee0b04a4e7d729a3
body_chassis_44V,24,24,015,ENGINE SUSPENSION,41,https://www.ilcats.ru/?brand=mercedes&vin=ADB2020186F450004&function=getParts&class=1&catalog=44V&aggtype=FG&model=202018&group=24&subgroup=015&VinAction=Choose&language=en,https://images.ilcats.ru/getImage.php?catalog=mercedes&filename=BM_IMAGES_ARC/B240/B24015000107.980220.png&hash=cbf0caeddb6aa8926701be3b4e7db02b
body_chassis_44V,25,25,015,CLUTCH,1,https://www.ilcats.ru/?brand=mercedes&vin=ADB2020186F450004&function=getParts&class=1&catalog=44V&aggtype=FG&model=202018&group=25&subgroup=015&VinAction=Choose&language=en,https://images.ilcats.ru/getImage.php?catalog=mercedes&filename=BM_IMAGES_ARC/B250/B25015000055.010423.png&hash=55fddf0c78cd070745cb94d0423e481b
body_chassis_44V,26,26,030,FLOOR SHIFT USED WITH MANUAL FIVESPEED TRANSMISSION,100,https://www.ilcats.ru/?brand=mercedes&vin=ADB2020186F450004&function=getParts&class=1&catalog=44V&aggtype=FG&model=202018&group=26&subgroup=030&VinAction=Choose&language=en,https://images.ilcats.ru/getImage.php?catalog=mercedes&filename=BM_IMAGES_ARC/B260/B26030000042.991029.png&hash=948f4c99038c84c19af6b4b0d3068002
body_chassis_44V,26,26,060,"FLOOR SHIFT,AUTOMATIC TRANSMISSION",44,https://www.ilcats.ru/?brand=mercedes&vin=ADB2020186F450004&function=getParts&class=1&catalog=44V&aggtype=FG&model=202018&group=26&subgroup=060&VinAction=Choose&language=en,https://images.ilcats.ru/getImage.php?catalog=mercedes&filename=BM_IMAGES_ARC/B260/B26060000046.980220.png&hash=7e88b73ca8c8e092c35b499f9559462e
body_chassis_44V,26,26,100,FLOOR SHIFT USED WITH AUTOMATIC FIVESPEED TRANSMISSION 722.6,57,https://www.ilcats.ru/?brand=mercedes&vin=ADB2020186F450004&function=getParts&class=1&catalog=44V&aggtype=FG&model=202018&group=26&subgroup=100&VinAction=Choose&language=en,https://images.ilcats.ru/getImage.php?catalog=mercedes&filename=BM_IMAGES_ARC/B261/B26100000449.991029.png&hash=b3f2e03936f78a65da8506616728190d
body_chassis_44V,26,26,105,ONE-TOUCH SHIFT MECHANISM ELETRONIC FIVE-SPEED TRANSMISSION 722.6,31,https://www.ilcats.ru/?brand=mercedes&vin=ADB2020186F450004&function=getParts&class=1&catalog=44V&aggtype=FG&model=202018&group=26&subgroup=105&VinAction=Choose&language=en,https://images.ilcats.ru/getImage.php?catalog=mercedes&filename=BM_IMAGES_ARC/B261/B26105000004.020423.png&hash=229c63df87ed493fb7e823e7c83a1c76
body_chassis_44V,29,29,015,PEDAL ASSEMBLY WITH BEARING,33,https://www.ilcats.ru/?brand=mercedes&vin=ADB2020186F450004&function=getParts&class=1&catalog=44V&aggtype=FG&model=202018&group=29&subgroup=015&VinAction=Choose&language=en,https://images.ilcats.ru/getImage.php?catalog=mercedes&filename=BM_IMAGES_ARC/B290/B29015000060.050117.png&hash=b0e167a658d080be3d838b14bcc38848
body_chassis_44V,29,29,030,PEDAL ASSEMBLY HYDRAULICS,28,https://www.ilcats.ru/?brand=mercedes&vin=ADB2020186F450004&function=getParts&class=1&catalog=44V&aggtype=FG&model=202018&group=29&subgroup=030&VinAction=Choose&language=en,https://images.ilcats.ru/getImage.php?catalog=mercedes&filename=BM_IMAGES_ARC/B290/B29030000041.991029.png&hash=9bc3e0b39fdfa76fcf3736ec02ac96be
body_chassis_44V,30,30,015,CONTROL,50,https://www.ilcats.ru/?brand=mercedes&vin=ADB2020186F450004&function=getParts&class=1&catalog=44V&aggtype=FG&model=202018&group=30&subgroup=015&VinAction=Choose&language=en,https://images.ilcats.ru/getImage.php?catalog=mercedes&filename=BM_IMAGES_ARC/B300/B30015000085.061124.png&hash=691dd4c5f8e3839613e1f131043eb21d
body_chassis_44V,31,31,015,TRAILER COUPLING,26,https://www.ilcats.ru/?brand=mercedes&vin=ADB2020186F450004&function=getParts&class=1&catalog=44V&aggtype=FG&model=202018&group=31&subgroup=015&VinAction=Choose&language=en,https://images.ilcats.ru/getImage.php?catalog=mercedes&filename=BM_IMAGES_ARC/B310/B31015000044.990421.png&hash=ea1d3b4c57cf39ad02d0a18481e2d03d
body_chassis_44V,31,31,540,ELECTRICAL PARTS USED FOR TRAILER COUPLING,36,https://www.ilcats.ru/?brand=mercedes&vin=ADB2020186F450004&function=getParts&class=1&catalog=44V&aggtype=FG&model=202018&group=31&subgroup=540&VinAction=Choose&language=en,https://images.ilcats.ru/getImage.php?catalog=mercedes&filename=BM_IMAGES_ARC/B315/B31540000004.990421.png&hash=1b9ba7f7cc54b6aa2e07fc97a779e309
body_chassis_44V,32,32,015,"SPRINGS AND SUSPENSION,FRONT",49,https://www.ilcats.ru/?brand=mercedes&vin=ADB2020186F450004&function=getParts&class=1&catalog=44V&aggtype=FG&model=202018&group=32&subgroup=015&VinAction=Choose&language=en,https://images.ilcats.ru/getImage.php?catalog=mercedes&filename=BM_IMAGES_ARC/B320/B32015000035.040427.png&hash=b023a11ca84a2c05e96063fec3d40558
body_chassis_44V,32,32,060,"TORSION BAR,FRONT",17,https://www.ilcats.ru/?brand=mercedes&vin=ADB2020186F450004&function=getParts&class=1&catalog=44V&aggtype=FG&model=202018&group=32&subgroup=060&VinAction=Choose&language=en,https://images.ilcats.ru/getImage.php?catalog=mercedes&filename=BM_IMAGES_ARC/B320/B32060000071.990510.png&hash=21030238e49de3f47e8aa008db743f64
body_chassis_44V,32,32,120,REAR SPRINGS AND SUSPENSION STANDARD SUSPENSION,42,https://www.ilcats.ru/?brand=mercedes&vin=ADB2020186F450004&function=getParts&class=1&catalog=44V&aggtype=FG&model=202018&group=32&subgroup=120&VinAction=Choose&language=en,https://images.ilcats.ru/getImage.php?catalog=mercedes&filename=BM_IMAGES_ARC/B321/B32120000008.120523.png&hash=dc25f0b07fc89fbc45487af3fb1f2897
body_chassis_44V,32,32,135,REAR SPRINGS AND SUSPENSION USED WITH SELF-LEVELLING DEVICE,32,https://www.ilcats.ru/?brand=mercedes&vin=ADB2020186F450004&function=getParts&class=1&catalog=44V&aggtype=FG&model=202018&group=32&subgroup=135&VinAction=Choose&language=en,https://images.ilcats.ru/getImage.php?catalog=mercedes&filename=BM_IMAGES_ARC/B321/B32135000011.120523.png&hash=97a10f83ddadad413ed981c99b93041b
body_chassis_44V,32,32,180,REAR TORSION BAR - STANDARD SPRING SUSPENSION,11,https://www.ilcats.ru/?brand=mercedes&vin=ADB2020186F450004&function=getParts&class=1&catalog=44V&aggtype=FG&model=202018&group=32&subgroup=180&VinAction=Choose&language=en,https://images.ilcats.ru/getImage.php?catalog=mercedes&filename=BM_IMAGES_ARC/B321/B32180000009.990510.png&hash=94ad0221cf47af2dcd05b63a22cc3786
body_chassis_44V,32,32,195,REAR TORSION BAR & HEIGHT CONTROL VALVE USED SELF-LEVELLINGDEVICE,28,https://www.ilcats.ru/?brand=mercedes&vin=ADB2020186F450004&function=getParts&class=1&catalog=44V&aggtype=FG&model=202018&group=32&subgroup=195&VinAction=Choose&language=en,https://images.ilcats.ru/getImage.php?catalog=mercedes&filename=BM_IMAGES_ARC/B321/B32195000018.990510.png&hash=cdb8f11e7136aa23c995177e62f3a6f0
body_chassis_44V,32,32,240,"OIL TANK & VALVES OF SELF-LEVELLINGDEVICE HYDRAULIC SYSTEM, A S D",23,https://www.ilcats.ru/?brand=mercedes&vin=ADB2020186F450004&function=getParts&class=1&catalog=44V&aggtype=FG&model=202018&group=32&subgroup=240&VinAction=Choose&language=en,https://images.ilcats.ru/getImage.php?catalog=mercedes&filename=BM_IMAGES_ARC/B322/B32240000088.990510.png&hash=c1ce780faa99c4badc982282d80b5c28
body_chassis_44V,32,32,285,LINE ARRANGEMENT IN CASE OF SELF-LEVELLING DEVICE & A S D,33,https://www.ilcats.ru/?brand=mercedes&vin=ADB2020186F450004&function=getParts&class=1&catalog=44V&aggtype=FG&model=202018&group=32&subgroup=285&VinAction=Choose&language=en,https://images.ilcats.ru/getImage.php?catalog=mercedes&filename=BM_IMAGES_ARC/B322/B32285000066.980731.png&hash=51089b9621203a1a89feea6a6ff754e8
body_chassis_44V,32,32,400,HYDRAULIC LINE MOUNTING PARTS,16,https://www.ilcats.ru/?brand=mercedes&vin=ADB2020186F450004&function=getParts&class=1&catalog=44V&aggtype=FG&model=202018&group=32&subgroup=400&VinAction=Choose&language=en,https://images.ilcats.ru/getImage.php?catalog=mercedes&filename=BM_IMAGES_ARC/B324/B32400000061.980731.png&hash=4a191efbb1ddc1501c1c921c248c7a86
body_chassis_44V,33,33,030,STEERING KNUCKLE AND CONTROL ARM,32,https://www.ilcats.ru/?brand=mercedes&vin=ADB2020186F450004&function=getParts&class=1&catalog=44V&aggtype=FG&model=202018&group=33&subgroup=030&VinAction=Choose&language=en,https://images.ilcats.ru/getImage.php?catalog=mercedes&filename=BM_IMAGES_ARC/B330/B33030000022.100218.png&hash=112bb5df14e412dc10bd9ae222760a6b
body_chassis_44V,33,33,035,"REGULATION OF DYNAMIC HEADLAMP RANGE CONTROL, FRONT",10,https://www.ilcats.ru/?brand=mercedes&vin=ADB2020186F450004&function=getParts&class=1&catalog=44V&aggtype=FG&model=202018&group=33&subgroup=035&VinAction=Choose&language=en,https://images.ilcats.ru/getImage.php?catalog=mercedes&filename=BM_IMAGES_ARC/B330/B33035000013.990510.png&hash=20ad7c05fe2c30845013e7b19b08f907
body_chassis_44V,35,35,015,REAR AXLE HOUSING WITH DIFFERENTIAL,90,https://www.ilcats.ru/?brand=mercedes&vin=ADB2020186F450004&function=getParts&class=1&catalog=44V&aggtype=FG&model=202018&group=35&subgroup=015&VinAction=Choose&language=en,https://images.ilcats.ru/getImage.php?catalog=mercedes&filename=BM_IMAGES_ARC/B350/B35015000073.990510.png&hash=116e351d35127652b508a666c585d5ee
body_chassis_44V,35,35,030,AXLE SHAFT,21,https://www.ilcats.ru/?brand=mercedes&vin=ADB2020186F450004&function=getParts&class=1&catalog=44V&aggtype=FG&model=202018&group=35&subgroup=030&VinAction=Choose&language=en,https://images.ilcats.ru/getImage.php?catalog=mercedes&filename=BM_IMAGES_ARC/B350/B35030000044.120216.png&hash=e5611ca2117bb7a40355302e286ea067
body_chassis_44V,35,35,045,REAR SUBFRAME,23,https://www.ilcats.ru/?brand=mercedes&vin=ADB2020186F450004&function=getParts&class=1&catalog=44V&aggtype=FG&model=202018&group=35&subgroup=045&VinAction=Choose&language=en,https://images.ilcats.ru/getImage.php?catalog=mercedes&filename=BM_IMAGES_ARC/B350/B35045000053.980520.png&hash=d8c8fda89fae8accbd62888c92ad6f96
body_chassis_44V,35,35,075,REAR AXLE SUSPENSION,23,https://www.ilcats.ru/?brand=mercedes&vin=ADB2020186F450004&function=getParts&class=1&catalog=44V&aggtype=FG&model=202018&group=35&subgroup=075&VinAction=Choose&language=en,https://images.ilcats.ru/getImage.php?catalog=mercedes&filename=BM_IMAGES_ARC/B350/B35075000026.980223.png&hash=89ce1c9a2f4e0ba560afe62cfd12ce95
body_chassis_44V,35,35,080,"REGULATION OF DYNAMIC HEADLAMP RANGE CONTROL, REAR",12,https://www.ilcats.ru/?brand=mercedes&vin=ADB2020186F450004&function=getParts&class=1&catalog=44V&aggtype=FG&model=202018&group=35&subgroup=080&VinAction=Choose&language=en,https://images.ilcats.ru/getImage.php?catalog=mercedes&filename=BM_IMAGES_ARC/B350/B35080000006.990510.png&hash=0b483e617ca10bf6b66fb3e88d16e5c7
body_chassis_44V,40,40,015,WHEELS,33,https://www.ilcats.ru/?brand=mercedes&vin=ADB2020186F450004&function=getParts&class=1&catalog=44V&aggtype=FG&model=202018&group=40&subgroup=015&VinAction=Choose&language=en,https://images.ilcats.ru/getImage.php?catalog=mercedes&filename=BM_IMAGES_ARC/B400/B40015000088.030225.png&hash=0c941abb7cc77092ce55a076535ac586
body_chassis_44V,41,41,015,PROPELLER SHAFT,66,https://www.ilcats.ru/?brand=mercedes&vin=ADB2020186F450004&function=getParts&class=1&catalog=44V&aggtype=FG&model=202018&group=41&subgroup=015&VinAction=Choose&language=en,https://images.ilcats.ru/getImage.php?catalog=mercedes&filename=BM_IMAGES_ARC/B410/B41015000033.990510.png&hash=7bc5cf3339ba7822d0884dd2138d12c5
body_chassis_44V,42,42,030,FRONT WHEEL BRAKE,30,https://www.ilcats.ru/?brand=mercedes&vin=ADB2020186F450004&function=getParts&class=1&catalog=44V&aggtype=FG&model=202018&group=42&subgroup=030&VinAction=Choose&language=en,https://images.ilcats.ru/getImage.php?catalog=mercedes&filename=BM_IMAGES_ARC/B420/B42030000031.990510.png&hash=cc5e5be021b055ca0f640f28616ebc8c
body_chassis_44V,42,42,045,REAR WHEEL BRAKE,34,https://www.ilcats.ru/?brand=mercedes&vin=ADB2020186F450004&function=getParts&class=1&catalog=44V&aggtype=FG&model=202018&group=42&subgroup=045&VinAction=Choose&language=en,https://images.ilcats.ru/getImage.php?catalog=mercedes&filename=BM_IMAGES_ARC/B420/B42045000027.991029.png&hash=b073984f742998c0eaa55cc064c49b1b
body_chassis_44V,42,42,060,BRAKE BOOSTER,46,https://www.ilcats.ru/?brand=mercedes&vin=ADB2020186F450004&function=getParts&class=1&catalog=44V&aggtype=FG&model=202018&group=42&subgroup=060&VinAction=Choose&language=en,https://images.ilcats.ru/getImage.php?catalog=mercedes&filename=BM_IMAGES_ARC/B420/B42060000242.060425.png&hash=06418e85ad4506f1d4c4d687b377f54c
body_chassis_44V,42,42,064,HYDRAULIC UNIT,28,https://www.ilcats.ru/?brand=mercedes&vin=ADB2020186F450004&function=getParts&class=1&catalog=44V&aggtype=FG&model=202018&group=42&subgroup=064&VinAction=Choose&language=en,https://images.ilcats.ru/getImage.php?catalog=mercedes&filename=BM_IMAGES_ARC/B420/B42064000001.120830.png&hash=32b0bf26630809ad392b1639a8c0b615
body_chassis_44V,42,42,091,BRAKE LINES USED WITH ABS,46,https://www.ilcats.ru/?brand=mercedes&vin=ADB2020186F450004&function=getParts&class=1&catalog=44V&aggtype=FG&model=202018&group=42&subgroup=091&VinAction=Choose&language=en,https://images.ilcats.ru/getImage.php?catalog=mercedes&filename=BM_IMAGES_ARC/B420/B42091000001.070328.png&hash=6e21ff84cd3a8f72499fafee0de0ab24
body_chassis_44V,42,42,093,BRAKE LINES USED WITH ETS/ASR (CODE 212/471),9,https://www.ilcats.ru/?brand=mercedes&vin=ADB2020186F450004&function=getParts&class=1&catalog=44V&aggtype=FG&model=202018&group=42&subgroup=093&VinAction=Choose&language=en,https://images.ilcats.ru/getImage.php?catalog=mercedes&filename=BM_IMAGES_ARC/B420/B42093000001.991029.png&hash=aa716d825507eaa4daec5a2faad6e1c8
body_chassis_44V,42,42,095,BRAKE LINES USED WITH ESP (CODE 472),23,https://www.ilcats.ru/?brand=mercedes&vin=ADB2020186F450004&function=getParts&class=1&catalog=44V&aggtype=FG&model=202018&group=42&subgroup=095&VinAction=Choose&language=en,https://images.ilcats.ru/getImage.php?catalog=mercedes&filename=BM_IMAGES_ARC/B420/B42095000001.990819.png&hash=960ca7b9c5b7812ba203695898fcc955
body_chassis_44V,42,42,121,BRAKE LINE MOUNTING,19,https://www.ilcats.ru/?brand=mercedes&vin=ADB2020186F450004&function=getParts&class=1&catalog=44V&aggtype=FG&model=202018&group=42&subgroup=121&VinAction=Choose&language=en,https://images.ilcats.ru/getImage.php?catalog=mercedes&filename=BM_IMAGES_ARC/B421/B42121000005.990819.png&hash=d856b0b69d98ede5ea1ace22487f4357
body_chassis_44V,42,42,145,FOOT OPERATED PARKING BRAKE,43,https://www.ilcats.ru/?brand=mercedes&vin=ADB2020186F450004&function=getParts&class=1&catalog=44V&aggtype=FG&model=202018&group=42&subgroup=145&VinAction=Choose&language=en,https://images.ilcats.ru/getImage.php?catalog=mercedes&filename=BM_IMAGES_ARC/B421/B42145000008.990510.png&hash=10ae311f1b74238f2aac6a2748607183
body_chassis_44V,46,46,015,STEERING GEAR,40,https://www.ilcats.ru/?brand=mercedes&vin=ADB2020186F450004&function=getParts&class=1&catalog=44V&aggtype=FG&model=202018&group=46&subgroup=015&VinAction=Choose&language=en,https://images.ilcats.ru/getImage.php?catalog=mercedes&filename=BM_IMAGES_ARC/B460/B46015000037.980407.png&hash=6177c5471771257e5175f2fefb8d5b48
body_chassis_44V,46,46,060,RANGE OF LINES,18,https://www.ilcats.ru/?brand=mercedes&vin=ADB2020186F450004&function=getParts&class=1&catalog=44V&aggtype=FG&model=202018&group=46&subgroup=060&VinAction=Choose&language=en,https://images.ilcats.ru/getImage.php?catalog=mercedes&filename=BM_IMAGES_ARC/B460/B46060000109.991029.png&hash=0271b4e9ae926a8cfcd0e3c9c05e1c2f
body_chassis_44V,46,46,075,STEERG.COLUMN JACKET TUBE & STEERG. SHAFT,29,https://www.ilcats.ru/?brand=mercedes&vin=ADB2020186F450004&function=getParts&class=1&catalog=44V&aggtype=FG&model=202018&group=46&subgroup=075&VinAction=Choose&language=en,https://images.ilcats.ru/getImage.php?catalog=mercedes&filename=BM_IMAGES_ARC/B460/B46075000026.980408.png&hash=c94593954e63b2a0599afc0ef0bc6654
body_chassis_44V,46,46,080,"STEERING COLUMN JACKET TUBE AND STEERING SHAFT,MANUALLY ADJUSTABLE",43,https://www.ilcats.ru/?brand=mercedes&vin=ADB2020186F450004&function=getParts&class=1&catalog=44V&aggtype=FG&model=202018&group=46&subgroup=080&VinAction=Choose&language=en,https://images.ilcats.ru/getImage.php?catalog=mercedes&filename=BM_IMAGES_ARC/B460/B46080000001.990510.png&hash=5ee232fcdac73220ac5b8d0fb3a11d64
body_chassis_44V,46,46,105,STEERING WHEEL AND STEERING LOCK,56,https://www.ilcats.ru/?brand=mercedes&vin=ADB2020186F450004&function=getParts&class=1&catalog=44V&aggtype=FG&model=202018&group=46&subgroup=105&VinAction=Choose&language=en,https://images.ilcats.ru/getImage.php?catalog=mercedes&filename=BM_IMAGES_ARC/B461/B46105000082.071019.png&hash=85e356639b79670ca11ecfa2579b8a7c
body_chassis_44V,46,46,120,STEERING LINKAGE,23,https://www.ilcats.ru/?brand=mercedes&vin=ADB2020186F450004&function=getParts&class=1&catalog=44V&aggtype=FG&model=202018&group=46&subgroup=120&VinAction=Choose&language=en,https://images.ilcats.ru/getImage.php?catalog=mercedes&filename=BM_IMAGES_ARC/B461/B46120000086.990510.png&hash=960a2a43b27c5b89f2b1ffe6ddcc7d92
body_chassis_44V,47,47,015,FUEL TANK WITH ATTACHMENT PARTS,46,https://www.ilcats.ru/?brand=mercedes&vin=ADB2020186F450004&function=getParts&class=1&catalog=44V&aggtype=FG&model=202018&group=47&subgroup=015&VinAction=Choose&language=en,https://images.ilcats.ru/getImage.php?catalog=mercedes&filename=BM_IMAGES_ARC/B470/B47015000083.000229.png&hash=be2b095993268b48de51b8e88fb0e6c3
body_chassis_44V,47,47,030,FUEL PUMP PACKAGE,32,https://www.ilcats.ru/?brand=mercedes&vin=ADB2020186F450004&function=getParts&class=1&catalog=44V&aggtype=FG&model=202018&group=47&subgroup=030&VinAction=Choose&language=en,https://images.ilcats.ru/getImage.php?catalog=mercedes&filename=BM_IMAGES_ARC/B470/B47030000096.080430.png&hash=fc535d16ae16bb75653dac27d8237def
body_chassis_44V,47,47,035,"FUEL LINES, GASOLINE VEHICLES",54,https://www.ilcats.ru/?brand=mercedes&vin=ADB2020186F450004&function=getParts&class=1&catalog=44V&aggtype=FG&model=202018&group=47&subgroup=035&VinAction=Choose&language=en,https://images.ilcats.ru/getImage.php?catalog=mercedes&filename=BM_IMAGES_ARC/B470/B47035000246.080305.png&hash=6524420e0405c49100f4f6f8663dcf81
body_chassis_44V,47,47,040,"FUEL LINES, DIESEL VEHICLES",0,https://www.ilcats.ru/?brand=mercedes&vin=ADB2020186F450004&function=getParts&class=1&catalog=44V&aggtype=FG&model=202018&group=47&subgroup=040&VinAction=Choose&language=en,https://images.ilcats.ru/getImage.php?catalog=mercedes&filename=BM_IMAGES_ARC/B470/B47040000057.080305.png&hash=d3fe9641ff49bd72c66968b16e383ba8
body_chassis_44V,47,47,060,CLOSED FUEL-EVAPORATION-CONTROL SYSTEM,43,https://www.ilcats.ru/?brand=mercedes&vin=ADB2020186F450004&function=getParts&class=1&catalog=44V&aggtype=FG&model=202018&group=47&subgroup=060&VinAction=Choose&language=en,https://images.ilcats.ru/getImage.php?catalog=mercedes&filename=BM_IMAGES_ARC/B470/B47060000246.080305.png&hash=565fbe760d00237c436a6224d99eec46
body_chassis_44V,47,47,900,ADDITONAL PARTS FOR GAS OPERATION,0,https://www.ilcats.ru/?brand=mercedes&vin=ADB2020186F450004&function=getParts&class=1&catalog=44V&aggtype=FG&model=202018&group=47&subgroup=900&VinAction=Choose&language=en,https://images.ilcats.ru/getImage.php?catalog=mercedes&filename=BM_IMAGES_ARC/B479/B47900000001.980428.png&hash=77e6ae527985f15bc5f2cf3e1b024103
body_chassis_44V,49,49,180,EXHAUST SYSTEM USED ON FOUR-CYLINDER GASOLINE VEHICLES,43,https://www.ilcats.ru/?brand=mercedes&vin=ADB2020186F450004&function=getParts&class=1&catalog=44V&aggtype=FG&model=202018&group=49&subgroup=180&VinAction=Choose&language=en,https://images.ilcats.ru/getImage.php?catalog=mercedes&filename=BM_IMAGES_ARC/B491/B49180000023.030124.png&hash=3958422d0455d74884ef5e287385b08c
body_chassis_44V,49,49,210,EXHAUST SYSTEM USED ON SIX-CYLINDER GASOLINE VEHICLES,0,https://www.ilcats.ru/?brand=mercedes&vin=ADB2020186F450004&function=getParts&class=1&catalog=44V&aggtype=FG&model=202018&group=49&subgroup=210&VinAction=Choose&language=en,https://images.ilcats.ru/getImage.php?catalog=mercedes&filename=BM_IMAGES_ARC/B492/B49210000035.050126.png&hash=bb43b78a4d9b4ba744f135ade3790a49
body_chassis_44V,49,49,212,EXHAUST SYSTEM USED ON EIGHT-CYLINDER GASOLINE VEHICLES,0,https://www.ilcats.ru/?brand=mercedes&vin=ADB2020186F450004&function=getParts&class=1&catalog=44V&aggtype=FG&model=202018&group=49&subgroup=212&VinAction=Choose&language=en,https://images.ilcats.ru/getImage.php?catalog=mercedes&filename=BM_IMAGES_ARC/B492/B49212000057.030227.png&hash=db297b2b1988fe5bc6669091bf6706d6
body_chassis_44V,49,49,285,EXHAUST SYSTEM ON DIESEL VEHICLES,0,https://www.ilcats.ru/?brand=mercedes&vin=ADB2020186F450004&function=getParts&class=1&catalog=44V&aggtype=FG&model=202018&group=49&subgroup=285&VinAction=Choose&language=en,https://images.ilcats.ru/getImage.php?catalog=mercedes&filename=BM_IMAGES_ARC/B492/B49285000036.990730.png&hash=3a973433b928701b9aac0045849a14c7
body_chassis_44V,49,49,300,SCREENING PLATES,20,https://www.ilcats.ru/?brand=mercedes&vin=ADB2020186F450004&function=getParts&class=1&catalog=44V&aggtype=FG&model=202018&group=49&subgroup=300&VinAction=Choose&language=en,https://images.ilcats.ru/getImage.php?catalog=mercedes&filename=BM_IMAGES_ARC/B493/B49300000084.981029.png&hash=048577cb4f3dc80d51440968a6bd50b7
body_chassis_44V,50,50,015,"RADIATOR,MOUNTING,AND COVERING",22,https://www.ilcats.ru/?brand=mercedes&vin=ADB2020186F450004&function=getParts&class=1&catalog=44V&aggtype=FG&model=202018&group=50&subgroup=015&VinAction=Choose&language=en,https://images.ilcats.ru/getImage.php?catalog=mercedes&filename=BM_IMAGES_ARC/B500/B50015000132.070319.png&hash=e8bc08d87f7d052b8e76a3b4aab280fd
body_chassis_44V,50,50,165,"EXPANSION TANK,MOUNTING AND HOSES",23,https://www.ilcats.ru/?brand=mercedes&vin=ADB2020186F450004&function=getParts&class=1&catalog=44V&aggtype=FG&model=202018&group=50&subgroup=165&VinAction=Choose&language=en,https://images.ilcats.ru/getImage.php?catalog=mercedes&filename=BM_IMAGES_ARC/B501/B50165000098.010423.png&hash=d91f06d986ad48a115f004daae7bdc81
body_chassis_44V,50,50,270,HEATER BOOSTER,0,https://www.ilcats.ru/?brand=mercedes&vin=ADB2020186F450004&function=getParts&class=1&catalog=44V&aggtype=FG&model=202018&group=50&subgroup=270&VinAction=Choose&language=en,https://images.ilcats.ru/getImage.php?catalog=mercedes&filename=BM_IMAGES_ARC/B502/B50270000020.030425.png&hash=065113741416fe3278502fe89d5eb834
body_chassis_44V,50,50,600,TRANSMISSION COOLING,0,https://www.ilcats.ru/?brand=mercedes&vin=ADB2020186F450004&function=getParts&class=1&catalog=44V&aggtype=FG&model=202018&group=50&subgroup=600&VinAction=Choose&language=en,https://images.ilcats.ru/getImage.php?catalog=mercedes&filename=BM_IMAGES_ARC/B506/B50600000005.991029.png&hash=fb49d041b1b379ed236454a0039c32b6
body_chassis_44V,52,52,030,"ENGINE COMPARTMENT PANELLING, GASOLINE VEHICLES",7,https://www.ilcats.ru/?brand=mercedes&vin=ADB2020186F450004&function=getParts&class=1&catalog=44V&aggtype=FG&model=202018&group=52&subgroup=030&VinAction=Choose&language=en,https://images.ilcats.ru/getImage.php?catalog=mercedes&filename=BM_IMAGES_ARC/B520/B52030000056.990510.png&hash=7da8190e5f3512f94e53116350ebb6a3
body_chassis_44V,52,52,045,"ANTINOISE CAPSULE, DIESEL VEHICLES",0,https://www.ilcats.ru/?brand=mercedes&vin=ADB2020186F450004&function=getParts&class=1&catalog=44V&aggtype=FG&model=202018&group=52&subgroup=045&VinAction=Choose&language=en,https://images.ilcats.ru/getImage.php?catalog=mercedes&filename=BM_IMAGES_ARC/B520/B52045000021.980324.png&hash=3437d5a77e6a215a9b121885c4134ff6
body_chassis_44V,52,52,060,OIL PAN UNDERSHIELD,7,https://www.ilcats.ru/?brand=mercedes&vin=ADB2020186F450004&function=getParts&class=1&catalog=44V&aggtype=FG&model=202018&group=52&subgroup=060&VinAction=Choose&language=en,https://images.ilcats.ru/getImage.php?catalog=mercedes&filename=BM_IMAGES_ARC/B520/B52060000085.990510.png&hash=1480aa95dcff91ddf2720be78399731d
body_chassis_44V,52,52,090,ENGINE MOUNT COOLING,7,https://www.ilcats.ru/?brand=mercedes&vin=ADB2020186F450004&function=getParts&class=1&catalog=44V&aggtype=FG&model=202018&group=52&subgroup=090&VinAction=Choose&language=en,https://images.ilcats.ru/getImage.php?catalog=mercedes&filename=BM_IMAGES_ARC/B520/B52090000075.990510.png&hash=b2846746bd8a46d7277fdc104b584ced
body_chassis_44V,54,54,020,LOOM TIES AND CABLE MOUNTING PARTS,29,https://www.ilcats.ru/?brand=mercedes&vin=ADB2020186F450004&function=getParts&class=1&catalog=44V&aggtype=FG&model=202018&group=54&subgroup=020&VinAction=Choose&language=en,https://images.ilcats.ru/getImage.php?catalog=mercedes&filename=BM_IMAGES_ARC/B540/B54020000040.010423.png&hash=d1f2b3d2dd64cea5055a9b5e21fd3097
body_chassis_44V,54,54,030,BATTERY AND STARTING CABLE,51,https://www.ilcats.ru/?brand=mercedes&vin=ADB2020186F450004&function=getParts&class=1&catalog=44V&aggtype=FG&model=202018&group=54&subgroup=030&VinAction=Choose&language=en,https://images.ilcats.ru/getImage.php?catalog=mercedes&filename=BM_IMAGES_ARC/B540/B54030000194.020502.png&hash=3938b679f7862df5abb1e503e26f8450
body_chassis_44V,54,54,045,FUSE BOX AND RELAY,119,https://www.ilcats.ru/?brand=mercedes&vin=ADB2020186F450004&function=getParts&class=1&catalog=44V&aggtype=FG&model=202018&group=54&subgroup=045&VinAction=Choose&language=en,https://images.ilcats.ru/getImage.php?catalog=mercedes&filename=BM_IMAGES_ARC/B540/B54045000124.050216.png&hash=7f6514ecb0255082fb60a0f3fd3cb043
body_chassis_44V,54,54,062,"ELECTRICAL COMPARTMENT IN CO-DRIVER""S LEGROOM",19,https://www.ilcats.ru/?brand=mercedes&vin=ADB2020186F450004&function=getParts&class=1&catalog=44V&aggtype=FG&model=202018&group=54&subgroup=062&VinAction=Choose&language=en,https://images.ilcats.ru/getImage.php?catalog=mercedes&filename=BM_IMAGES_ARC/B540/B54062000001.000630.png&hash=9ad0cfa91e92e21e2be81c8d701f212e
body_chassis_44V,54,54,064,CONTROL MODULE PLATE AND FUSE BOX IN LUGGAGE COMPARTMENT,33,https://www.ilcats.ru/?brand=mercedes&vin=ADB2020186F450004&function=getParts&class=1&catalog=44V&aggtype=FG&model=202018&group=54&subgroup=064&VinAction=Choose&language=en,https://images.ilcats.ru/getImage.php?catalog=mercedes&filename=BM_IMAGES_ARC/B540/B54064000001.090206.png&hash=300af8531d472a83e3d537263bbcf989
body_chassis_44V,54,54,080,APPARATUS CASE AND CONTROL UNITS,59,https://www.ilcats.ru/?brand=mercedes&vin=ADB2020186F450004&function=getParts&class=1&catalog=44V&aggtype=FG&model=202018&group=54&subgroup=080&VinAction=Choose&language=en,https://images.ilcats.ru/getImage.php?catalog=mercedes&filename=BM_IMAGES_ARC/B540/B54080000164.040128.png&hash=54882aec8bb67c5ba8842d635dc4b598
body_chassis_44V,54,54,091,HEADLAMP CABLE HARNESS,26,https://www.ilcats.ru/?brand=mercedes&vin=ADB2020186F450004&function=getParts&class=1&catalog=44V&aggtype=FG&model=202018&group=54&subgroup=091&VinAction=Choose&language=en,https://images.ilcats.ru/getImage.php?catalog=mercedes&filename=BM_IMAGES_ARC/B540/B54091000009.990730.png&hash=7da48b3772e5ce7ccb7a85dfd4d74ac8
body_chassis_44V,54,54,106,HORN AND OUTBORD TEMPERATURE FEELER,25,https://www.ilcats.ru/?brand=mercedes&vin=ADB2020186F450004&function=getParts&class=1&catalog=44V&aggtype=FG&model=202018&group=54&subgroup=106&VinAction=Choose&language=en,https://images.ilcats.ru/getImage.php?catalog=mercedes&filename=BM_IMAGES_ARC/B541/B54106000013.990730.png&hash=d553de2294ac50ceffb63ae6ba748ae6
body_chassis_44V,54,54,120,ENGINE CABLE HARNESS,0,https://www.ilcats.ru/?brand=mercedes&vin=ADB2020186F450004&function=getParts&class=1&catalog=44V&aggtype=FG&model=202018&group=54&subgroup=120&VinAction=Choose&language=en,https://images.ilcats.ru/getImage.php?catalog=mercedes&filename=BM_IMAGES_ARC/B541/B54120000301.061109.png&hash=1bdb747ded8dac29eddc227fb6d471a9
body_chassis_44V,54,54,121,"ENGINE CABLE HARNESS,BODY MOUNTED",162,https://www.ilcats.ru/?brand=mercedes&vin=ADB2020186F450004&function=getParts&class=1&catalog=44V&aggtype=FG&model=202018&group=54&subgroup=121&VinAction=Choose&language=en,https://images.ilcats.ru/getImage.php?catalog=mercedes&filename=BM_IMAGES_ARC/B541/B54121000002.130227.png&hash=41a9a4b798acbcedcc78d577cb2b19ce
body_chassis_44V,54,54,329,"PRE-GLOW RELAY,EXHAUST GAS RETURN VALVE+PRESSURE SENSOR,DIESEL VEHS.",0,https://www.ilcats.ru/?brand=mercedes&vin=ADB2020186F450004&function=getParts&class=1&catalog=44V&aggtype=FG&model=202018&group=54&subgroup=329&VinAction=Choose&language=en,https://images.ilcats.ru/getImage.php?catalog=mercedes&filename=BM_IMAGES_ARC/B543/B54329000001.990819.png&hash=f96c07ea492493a9ca122674a44ed907
body_chassis_44V,54,54,331,ENGINE RESIDUAL HEAT UTILIZATION,26,https://www.ilcats.ru/?brand=mercedes&vin=ADB2020186F450004&function=getParts&class=1&catalog=44V&aggtype=FG&model=202018&group=54&subgroup=331&VinAction=Choose&language=en,https://images.ilcats.ru/getImage.php?catalog=mercedes&filename=BM_IMAGES_ARC/B543/B54331000001.981029.png&hash=1f8cb523558027d837b38edf06355097
body_chassis_44V,54,54,375,ELECTRICAL PARTS USED FOR TRANSMISSION,49,https://www.ilcats.ru/?brand=mercedes&vin=ADB2020186F450004&function=getParts&class=1&catalog=44V&aggtype=FG&model=202018&group=54&subgroup=375&VinAction=Choose&language=en,https://images.ilcats.ru/getImage.php?catalog=mercedes&filename=BM_IMAGES_ARC/B543/B54375000038.050117.png&hash=9476cb08572202120f15e85125dfbbf8
body_chassis_44V,54,54,410,COCKPIT CABLE HARNESS,208,https://www.ilcats.ru/?brand=mercedes&vin=ADB2020186F450004&function=getParts&class=1&catalog=44V&aggtype=FG&model=202018&group=54&subgroup=410&VinAction=Choose&language=en,https://images.ilcats.ru/getImage.php?catalog=mercedes&filename=BM_IMAGES_ARC/B544/B54410000002.060912.png&hash=ba233804667dfa180c1f7c944433d331
body_chassis_44V,54,54,485,CABLE HARNESS FOR AIR CONDITIONER AND HEADLAMP CLEANING SYSTEM,59,https://www.ilcats.ru/?brand=mercedes&vin=ADB2020186F450004&function=getParts&class=1&catalog=44V&aggtype=FG&model=202018&group=54&subgroup=485&VinAction=Choose&language=en,https://images.ilcats.ru/getImage.php?catalog=mercedes&filename=BM_IMAGES_ARC/B544/B54485000001.990510.png&hash=f13fe3e7cdcd35c394b244e40e61d6d0
body_chassis_44V,54,54,535,FUEL PUMP CABLE,11,https://www.ilcats.ru/?brand=mercedes&vin=ADB2020186F450004&function=getParts&class=1&catalog=44V&aggtype=FG&model=202018&group=54&subgroup=535&VinAction=Choose&language=en,https://images.ilcats.ru/getImage.php?catalog=mercedes&filename=BM_IMAGES_ARC/B545/B54535000010.990510.png&hash=f0e9ec004a41ed675d4913ae89714ceb
body_chassis_44V,54,54,540,TAIL LAMP CABLE HARNESS,34,https://www.ilcats.ru/?brand=mercedes&vin=ADB2020186F450004&function=getParts&class=1&catalog=44V&aggtype=FG&model=202018&group=54&subgroup=540&VinAction=Choose&language=en,https://images.ilcats.ru/getImage.php?catalog=mercedes&filename=BM_IMAGES_ARC/B545/B54540000096.030930.png&hash=a0ac2ba66a005c9acd1835f568c81d36
body_chassis_44V,54,54,545,FRAME FLOOR UNIT MAIN CABLE HARNESS,100,https://www.ilcats.ru/?brand=mercedes&vin=ADB2020186F450004&function=getParts&class=1&catalog=44V&aggtype=FG&model=202018&group=54&subgroup=545&VinAction=Choose&language=en,https://images.ilcats.ru/getImage.php?catalog=mercedes&filename=BM_IMAGES_ARC/B545/B54545000031.990205.png&hash=038571a29c773bd5686d0b851d946f36
body_chassis_44V,54,54,585,INSTRUMENT CLUSTER,52,https://www.ilcats.ru/?brand=mercedes&vin=ADB2020186F450004&function=getParts&class=1&catalog=44V&aggtype=FG&model=202018&group=54&subgroup=585&VinAction=Choose&language=en,https://images.ilcats.ru/getImage.php?catalog=mercedes&filename=BM_IMAGES_ARC/B545/B54585000091.990510.png&hash=709832cd9c80d992c4073551b7d65e83
body_chassis_44V,54,54,640,SWITCH,31,https://www.ilcats.ru/?brand=mercedes&vin=ADB2020186F450004&function=getParts&class=1&catalog=44V&aggtype=FG&model=202018&group=54&subgroup=640&VinAction=Choose&language=en,https://images.ilcats.ru/getImage.php?catalog=mercedes&filename=BM_IMAGES_ARC/B546/B54640000002.991029.png&hash=bf3cd965d72e1199cf02acddeae27f28
body_chassis_44V,54,54,663,BRAKE PAD WEAR INDICATOR AND SPEED SENSOR FRONT AXLE,23,https://www.ilcats.ru/?brand=mercedes&vin=ADB2020186F450004&function=getParts&class=1&catalog=44V&aggtype=FG&model=202018&group=54&subgroup=663&VinAction=Choose&language=en,https://images.ilcats.ru/getImage.php?catalog=mercedes&filename=BM_IMAGES_ARC/B546/B54663000005.021129.png&hash=1ae1cbd9fdf2e526a4a83106c420dd90
body_chassis_44V,54,54,680,REAR AXLE WIRING,17,https://www.ilcats.ru/?brand=mercedes&vin=ADB2020186F450004&function=getParts&class=1&catalog=44V&aggtype=FG&model=202018&group=54&subgroup=680&VinAction=Choose&language=en,https://images.ilcats.ru/getImage.php?catalog=mercedes&filename=BM_IMAGES_ARC/B546/B54680000021.990510.png&hash=9bc039b417ceb6ce8aebe33f7eceb000
body_chassis_44V,54,54,683,"ABS,ASD AND ELECTRONIC TRACTION SYSTEM (ETS)",62,https://www.ilcats.ru/?brand=mercedes&vin=ADB2020186F450004&function=getParts&class=1&catalog=44V&aggtype=FG&model=202018&group=54&subgroup=683&VinAction=Choose&language=en,https://images.ilcats.ru/getImage.php?catalog=mercedes&filename=BM_IMAGES_ARC/B546/B54683000005.980406.png&hash=c81b9e921ef9c91f1a422189102910fc
body_chassis_44V,54,54,690,ACCELERATION SKID CONTROL,33,https://www.ilcats.ru/?brand=mercedes&vin=ADB2020186F450004&function=getParts&class=1&catalog=44V&aggtype=FG&model=202018&group=54&subgroup=690&VinAction=Choose&language=en,https://images.ilcats.ru/getImage.php?catalog=mercedes&filename=BM_IMAGES_ARC/B546/B54690000080.990510.png&hash=9bd71a5793925d30d935bf658834d55b
body_chassis_44V,54,54,695,ELECTRONIC STABILITY PROGRAM (ESP),10,https://www.ilcats.ru/?brand=mercedes&vin=ADB2020186F450004&function=getParts&class=1&catalog=44V&aggtype=FG&model=202018&group=54&subgroup=695&VinAction=Choose&language=en,https://images.ilcats.ru/getImage.php?catalog=mercedes&filename=BM_IMAGES_ARC/B546/B54695000007.010830.png&hash=28b4c128b69db926b725be84d494b8e1
body_chassis_44V,54,54,750,TEMPOMAT (CRUISE CONTROL),24,https://www.ilcats.ru/?brand=mercedes&vin=ADB2020186F450004&function=getParts&class=1&catalog=44V&aggtype=FG&model=202018&group=54&subgroup=750&VinAction=Choose&language=en,https://images.ilcats.ru/getImage.php?catalog=mercedes&filename=BM_IMAGES_ARC/B547/B54750000075.990510.png&hash=a33b1db68087fdd85a2a7a16c987c30e
body_chassis_44V,54,54,767,CABLE HARNESS HEATER BOOSTER,0,https://www.ilcats.ru/?brand=mercedes&vin=ADB2020186F450004&function=getParts&class=1&catalog=44V&aggtype=FG&model=202018&group=54&subgroup=767&VinAction=Choose&language=en,https://images.ilcats.ru/getImage.php?catalog=mercedes&filename=BM_IMAGES_ARC/B547/B54767000001.090202.png&hash=79ead64ed83ca840a010833f9392f0e5
body_chassis_44V,54,54,921,CABLE HARNESS BELT WARNING AND BELT WARNING DEVICE,18,https://www.ilcats.ru/?brand=mercedes&vin=ADB2020186F450004&function=getParts&class=1&catalog=44V&aggtype=FG&model=202018&group=54&subgroup=921&VinAction=Choose&language=en,https://images.ilcats.ru/getImage.php?catalog=mercedes&filename=BM_IMAGES_ARC/B549/B54921000002.010423.png&hash=78958bd1b5ccc45054d12b841ccec3e1
body_chassis_44V,54,54,950,ADDITONAL PARTS FOR GAS OPERATION,0,https://www.ilcats.ru/?brand=mercedes&vin=ADB2020186F450004&function=getParts&class=1&catalog=44V&aggtype=FG&model=202018&group=54&subgroup=950&VinAction=Choose&language=en,https://images.ilcats.ru/getImage.php?catalog=mercedes&filename=BM_IMAGES_ARC/B549/B54950000002.980327.png&hash=63c7c6adcab41a3579a16db4d448810a
body_chassis_44V,58,58,015,TOOLS AND ACCESSORIES,0,https://www.ilcats.ru/?brand=mercedes&vin=ADB2020186F450004&function=getParts&class=1&catalog=44V&aggtype=FG&model=202018&group=58&subgroup=015&VinAction=Choose&language=en,
body_chassis_44V,58,58,050,"TYPE PLATE,GUIDE SIGNS",0,https://www.ilcats.ru/?brand=mercedes&vin=ADB2020186F450004&function=getParts&class=1&catalog=44V&aggtype=FG&model=202018&group=58&subgroup=050&VinAction=Choose&language=en,
body_chassis_44V,60,60,005,DESIGN GROUP ORIENTATION TABLE,0,https://www.ilcats.ru/?brand=mercedes&vin=ADB2020186F450004&function=getParts&class=1&catalog=44V&aggtype=FG&model=202018&group=60&subgroup=005&VinAction=Choose&language=en,
body_chassis_44V,60,60,015,SHELL,0,https://www.ilcats.ru/?brand=mercedes&vin=ADB2020186F450004&function=getParts&class=1&catalog=44V&aggtype=FG&model=202018&group=60&subgroup=015&VinAction=Choose&language=en,
body_chassis_44V,60,60,030,"EXPANSION PLUGS,GROMMETS",0,https://www.ilcats.ru/?brand=mercedes&vin=ADB2020186F450004&function=getParts&class=1&catalog=44V&aggtype=FG&model=202018&group=60&subgroup=030&VinAction=Choose&language=en,
body_chassis_44V,61,61,015,FRONT FLOOR,0,https://www.ilcats.ru/?brand=mercedes&vin=ADB2020186F450004&function=getParts&class=1&catalog=44V&aggtype=FG&model=202018&group=61&subgroup=015&VinAction=Choose&language=en,
body_chassis_44V,61,61,045,REAR END FLOOR,0,https://www.ilcats.ru/?brand=mercedes&vin=ADB2020186F450004&function=getParts&class=1&catalog=44V&aggtype=FG&model=202018&group=61&subgroup=045&VinAction=Choose&language=en,
body_chassis_44V,62,62,015,COWL,0,https://www.ilcats.ru/?brand=mercedes&vin=ADB2020186F450004&function=getParts&class=1&catalog=44V&aggtype=FG&model=202018&group=62&subgroup=015&VinAction=Choose&language=en,
body_chassis_44V,62,62,030,"WHEELHOUSE,FRONT SUBFRAME",0,https://www.ilcats.ru/?brand=mercedes&vin=ADB2020186F450004&function=getParts&class=1&catalog=44V&aggtype=FG&model=202018&group=62&subgroup=030&VinAction=Choose&language=en,
body_chassis_44V,62,62,045,FIRE WALL AND CONNECTION PARTS,0,https://www.ilcats.ru/?brand=mercedes&vin=ADB2020186F450004&function=getParts&class=1&catalog=44V&aggtype=FG&model=202018&group=62&subgroup=045&VinAction=Choose&language=en,
body_chassis_44V,62,62,060,FRONT STIFFENING AND RADIATOR SUPPORT,0,https://www.ilcats.ru/?brand=mercedes&vin=ADB2020186F450004&function=getParts&class=1&catalog=44V&aggtype=FG&model=202018&group=62&subgroup=060&VinAction=Choose&language=en,
body_chassis_44V,62,62,090,"ENGINE COMPARTMENT PARTITION PANEL, WHEELHOUSE ATTACHMENT PARTS",0,https://www.ilcats.ru/?brand=mercedes&vin=ADB2020186F450004&function=getParts&class=1&catalog=44V&aggtype=FG&model=202018&group=62&subgroup=090&VinAction=Choose&language=en,
body_chassis_44V,62,62,120,CROSS MEMBER BELOW INSTRUMENT PANEL,0,https://www.ilcats.ru/?brand=mercedes&vin=ADB2020186F450004&function=getParts&class=1&catalog=44V&aggtype=FG&model=202018&group=62&subgroup=120&VinAction=Choose&language=en,
body_chassis_44V,63,63,015,SIDE PANELS,0,https://www.ilcats.ru/?brand=mercedes&vin=ADB2020186F450004&function=getParts&class=1&catalog=44V&aggtype=FG&model=202018&group=63&subgroup=015&VinAction=Choose&language=en,
body_chassis_44V,63,63,045,REAR FENDER,0,https://www.ilcats.ru/?brand=mercedes&vin=ADB2020186F450004&function=getParts&class=1&catalog=44V&aggtype=FG&model=202018&group=63&subgroup=045&VinAction=Choose&language=en,
body_chassis_44V,64,64,015,REAR END,0,https://www.ilcats.ru/?brand=mercedes&vin=ADB2020186F450004&function=getParts&class=1&catalog=44V&aggtype=FG&model=202018&group=64&subgroup=015&VinAction=Choose&language=en,
body_chassis_44V,65,65,015,ROOF,0,https://www.ilcats.ru/?brand=mercedes&vin=ADB2020186F450004&function=getParts&class=1&catalog=44V&aggtype=FG&model=202018&group=65&subgroup=015&VinAction=Choose&language=en,
body_chassis_44V,67,67,015,WINDSHIELD,0,https://www.ilcats.ru/?brand=mercedes&vin=ADB2020186F450004&function=getParts&class=1&catalog=44V&aggtype=FG&model=202018&group=67&subgroup=015&VinAction=Choose&language=en,
body_chassis_44V,67,67,030,REAR WINDOW PANE,0,https://www.ilcats.ru/?brand=mercedes&vin=ADB2020186F450004&function=getParts&class=1&catalog=44V&aggtype=FG&model=202018&group=67&subgroup=030&VinAction=Choose&language=en,
body_chassis_44V,68,68,055,INSULATION IN ENGINE COMPARTMENT,0,https://www.ilcats.ru/?brand=mercedes&vin=ADB2020186F450004&function=getParts&class=1&catalog=44V&aggtype=FG&model=202018&group=68&subgroup=055&VinAction=Choose&language=en,
body_chassis_44V,68,68,090,INSULATION IN PASSENGER AND LUGGAE COMPARTMENT,0,https://www.ilcats.ru/?brand=mercedes&vin=ADB2020186F450004&function=getParts&class=1&catalog=44V&aggtype=FG&model=202018&group=68&subgroup=090&VinAction=Choose&language=en,
body_chassis_44V,68,68,185,INSTRUMENT PANEL AND GLOVE BOX WITHOUT PASSENGER AIR BAG,0,https://www.ilcats.ru/?brand=mercedes&vin=ADB2020186F450004&function=getParts&class=1&catalog=44V&aggtype=FG&model=202018&group=68&subgroup=185&VinAction=Choose&language=en,
body_chassis_44V,68,68,193,INSTRUMENT PANEL AND GLOVE BOX WITH PASSENGER AIR BAG,0,https://www.ilcats.ru/?brand=mercedes&vin=ADB2020186F450004&function=getParts&class=1&catalog=44V&aggtype=FG&model=202018&group=68&subgroup=193&VinAction=Choose&language=en,
body_chassis_44V,68,68,205,"DETACHABLE COMPONENTS,INSTRUMENT PANEL",0,https://www.ilcats.ru/?brand=mercedes&vin=ADB2020186F450004&function=getParts&class=1&catalog=44V&aggtype=FG&model=202018&group=68&subgroup=205&VinAction=Choose&language=en,
body_chassis_44V,68,68,260,"HOUSING WITH TRAY, ARMREST, AND ASHTRAY",0,https://www.ilcats.ru/?brand=mercedes&vin=ADB2020186F450004&function=getParts&class=1&catalog=44V&aggtype=FG&model=202018&group=68&subgroup=260&VinAction=Choose&language=en,
body_chassis_44V,68,68,323,"TOP COVERING,ONLY USED WITH HAETING AUTOMATICS OE AIR CONDITIONER",0,https://www.ilcats.ru/?brand=mercedes&vin=ADB2020186F450004&function=getParts&class=1&catalog=44V&aggtype=FG&model=202018&group=68&subgroup=323&VinAction=Choose&language=en,
body_chassis_44V,68,68,325,"TOP COVERING,USED WITH AUTOMATIC AIR CONDITIONER (CODE 581)",0,https://www.ilcats.ru/?brand=mercedes&vin=ADB2020186F450004&function=getParts&class=1&catalog=44V&aggtype=FG&model=202018&group=68&subgroup=325&VinAction=Choose&language=en,
body_chassis_44V,68,68,330,BOTTOM COVERING IN HOUSING,0,https://www.ilcats.ru/?brand=mercedes&vin=ADB2020186F450004&function=getParts&class=1&catalog=44V&aggtype=FG&model=202018&group=68&subgroup=330&VinAction=Choose&language=en,
body_chassis_44V,68,68,410,"FRONT PANEL PILLAR PANELLING, LINING ON FLOOR AND FOOTREST",0,https://www.ilcats.ru/?brand=mercedes&vin=ADB2020186F450004&function=getParts&class=1&catalog=44V&aggtype=FG&model=202018&group=68&subgroup=410&VinAction=Choose&language=en,
body_chassis_44V,68,68,475,RUBBER MATS,0,https://www.ilcats.ru/?brand=mercedes&vin=ADB2020186F450004&function=getParts&class=1&catalog=44V&aggtype=FG&model=202018&group=68&subgroup=475&VinAction=Choose&language=en,
body_chassis_44V,68,68,605,"HAT TRAY,ROLLER BLIND,FIRST AID BOX",0,https://www.ilcats.ru/?brand=mercedes&vin=ADB2020186F450004&function=getParts&class=1&catalog=44V&aggtype=FG&model=202018&group=68&subgroup=605&VinAction=Choose&language=en,
body_chassis_44V,69,69,018,"SUN VISOR,INTERIOR MIRROR, GRAB HANDLE",0,https://www.ilcats.ru/?brand=mercedes&vin=ADB2020186F450004&function=getParts&class=1&catalog=44V&aggtype=FG&model=202018&group=69&subgroup=018&VinAction=Choose&language=en,
body_chassis_44V,69,69,020,"PANELLING,DOOR EDGE GUARD SECTIONS",0,https://www.ilcats.ru/?brand=mercedes&vin=ADB2020186F450004&function=getParts&class=1&catalog=44V&aggtype=FG&model=202018&group=69&subgroup=020&VinAction=Choose&language=en,
body_chassis_44V,69,69,030,HEADLINER,0,https://www.ilcats.ru/?brand=mercedes&vin=ADB2020186F450004&function=getParts&class=1&catalog=44V&aggtype=FG&model=202018&group=69&subgroup=030&VinAction=Choose&language=en,
body_chassis_44V,69,69,045,LUGGAGE COMPARTMENT COVERING,0,https://www.ilcats.ru/?brand=mercedes&vin=ADB2020186F450004&function=getParts&class=1&catalog=44V&aggtype=FG&model=202018&group=69&subgroup=045&VinAction=Choose&language=en,
body_chassis_44V,69,69,060,OUTSIDE ATTACHMENT PARTS,0,https://www.ilcats.ru/?brand=mercedes&vin=ADB2020186F450004&function=getParts&class=1&catalog=44V&aggtype=FG&model=202018&group=69&subgroup=060&VinAction=Choose&language=en,
body_chassis_44V,72,72,015,FRONT DOORS,0,https://www.ilcats.ru/?brand=mercedes&vin=ADB2020186F450004&function=getParts&class=1&catalog=44V&aggtype=FG&model=202018&group=72&subgroup=015&VinAction=Choose&language=en,
body_chassis_44V,72,72,030,CLOSING SYSTEM,0,https://www.ilcats.ru/?brand=mercedes&vin=ADB2020186F450004&function=getParts&class=1&catalog=44V&aggtype=FG&model=202018&group=72&subgroup=030&VinAction=Choose&language=en,
body_chassis_44V,72,72,045,WINDOW REGULATOR,0,https://www.ilcats.ru/?brand=mercedes&vin=ADB2020186F450004&function=getParts&class=1&catalog=44V&aggtype=FG&model=202018&group=72&subgroup=045&VinAction=Choose&language=en,
body_chassis_44V,72,72,060,FRONT DOOR WINDOWS,0,https://www.ilcats.ru/?brand=mercedes&vin=ADB2020186F450004&function=getParts&class=1&catalog=44V&aggtype=FG&model=202018&group=72&subgroup=060&VinAction=Choose&language=en,
body_chassis_44V,72,72,150,"OUTSIDE REARVIEW MIRROR ON DRIVER""S SIDE",0,https://www.ilcats.ru/?brand=mercedes&vin=ADB2020186F450004&function=getParts&class=1&catalog=44V&aggtype=FG&model=202018&group=72&subgroup=150&VinAction=Choose&language=en,
body_chassis_44V,72,72,175,"CO-DRIVER""S OUTSIDE REARVIEW MIRROR",0,https://www.ilcats.ru/?brand=mercedes&vin=ADB2020186F450004&function=getParts&class=1&catalog=44V&aggtype=FG&model=202018&group=72&subgroup=175&VinAction=Choose&language=en,
body_chassis_44V,72,72,200,DOOR PANELLING,0,https://www.ilcats.ru/?brand=mercedes&vin=ADB2020186F450004&function=getParts&class=1&catalog=44V&aggtype=FG&model=202018&group=72&subgroup=200&VinAction=Choose&language=en,
body_chassis_44V,73,73,015,REAR DOORS,0,https://www.ilcats.ru/?brand=mercedes&vin=ADB2020186F450004&function=getParts&class=1&catalog=44V&aggtype=FG&model=202018&group=73&subgroup=015&VinAction=Choose&language=en,
body_chassis_44V,73,73,030,CLOSING SYSTEM,0,https://www.ilcats.ru/?brand=mercedes&vin=ADB2020186F450004&function=getParts&class=1&catalog=44V&aggtype=FG&model=202018&group=73&subgroup=030&VinAction=Choose&language=en,
body_chassis_44V,73,73,045,WINDOW REGULATOR,0,https://www.ilcats.ru/?brand=mercedes&vin=ADB2020186F450004&function=getParts&class=1&catalog=44V&aggtype=FG&model=202018&group=73&subgroup=045&VinAction=Choose&language=en,
body_chassis_44V,73,73,060,REAR DOOR WINDOWS,0,https://www.ilcats.ru/?brand=mercedes&vin=ADB2020186F450004&function=getParts&class=1&catalog=44V&aggtype=FG&model=202018&group=73&subgroup=060&VinAction=Choose&language=en,
body_chassis_44V,73,73,075,DOOR PANELLING,0,https://www.ilcats.ru/?brand=mercedes&vin=ADB2020186F450004&function=getParts&class=1&catalog=44V&aggtype=FG&model=202018&group=73&subgroup=075&VinAction=Choose&language=en,
body_chassis_44V,75,75,015,REAR LID,0,https://www.ilcats.ru/?brand=mercedes&vin=ADB2020186F450004&function=getParts&class=1&catalog=44V&aggtype=FG&model=202018&group=75&subgroup=015&VinAction=Choose&language=en,
body_chassis_44V,75,75,030,"REAR LID LATCH-TYPE LOCK, REAR LID ATTACHMENT PARTS",0,https://www.ilcats.ru/?brand=mercedes&vin=ADB2020186F450004&function=getParts&class=1&catalog=44V&aggtype=FG&model=202018&group=75&subgroup=030&VinAction=Choose&language=en,
body_chassis_44V,78,78,045,SLIDING/LIFTING ROOF FRAME,0,https://www.ilcats.ru/?brand=mercedes&vin=ADB2020186F450004&function=getParts&class=1&catalog=44V&aggtype=FG&model=202018&group=78&subgroup=045&VinAction=Choose&language=en,
body_chassis_44V,78,78,075,SLIDING/LIFTING ROOF PLATE,0,https://www.ilcats.ru/?brand=mercedes&vin=ADB2020186F450004&function=getParts&class=1&catalog=44V&aggtype=FG&model=202018&group=78&subgroup=075&VinAction=Choose&language=en,
body_chassis_44V,78,78,090,"SLIDING-ROOF DRIVE,CABLE",0,https://www.ilcats.ru/?brand=mercedes&vin=ADB2020186F450004&function=getParts&class=1&catalog=44V&aggtype=FG&model=202018&group=78&subgroup=090&VinAction=Choose&language=en,
body_chassis_44V,80,80,015,ENGINE VACUUM CONNECTION AND LIGHT RANGE REGULATOR,0,https://www.ilcats.ru/?brand=mercedes&vin=ADB2020186F450004&function=getParts&class=1&catalog=44V&aggtype=FG&model=202018&group=80&subgroup=015&VinAction=Choose&language=en,
body_chassis_44V,80,80,040,VACUUM PUMP AND CONNECTOR,0,https://www.ilcats.ru/?brand=mercedes&vin=ADB2020186F450004&function=getParts&class=1&catalog=44V&aggtype=FG&model=202018&group=80&subgroup=040&VinAction=Choose&language=en,
body_chassis_44V,80,80,045,CENTRAL LOCKING MECHANISM,0,https://www.ilcats.ru/?brand=mercedes&vin=ADB2020186F450004&function=getParts&class=1&catalog=44V&aggtype=FG&model=202018&group=80&subgroup=045&VinAction=Choose&language=en,
body_chassis_44V,80,80,080,VACUUM PARTS USED FOR HEATING,0,https://www.ilcats.ru/?brand=mercedes&vin=ADB2020186F450004&function=getParts&class=1&catalog=44V&aggtype=FG&model=202018&group=80&subgroup=080&VinAction=Choose&language=en,
body_chassis_44V,80,80,105,AIR CONDITIONER VACUUM PARTS,0,https://www.ilcats.ru/?brand=mercedes&vin=ADB2020186F450004&function=getParts&class=1&catalog=44V&aggtype=FG&model=202018&group=80&subgroup=105&VinAction=Choose&language=en,
body_chassis_44V,80,80,120,VACUUM PARTS USED W/AIR CONDITIONING AUTOMATICS,0,https://www.ilcats.ru/?brand=mercedes&vin=ADB2020186F450004&function=getParts&class=1&catalog=44V&aggtype=FG&model=202018&group=80&subgroup=120&VinAction=Choose&language=en,
body_chassis_44V,80,80,125,"VACUUM PARTS, 2 SELECTION PROGRAMS",0,https://www.ilcats.ru/?brand=mercedes&vin=ADB2020186F450004&function=getParts&class=1&catalog=44V&aggtype=FG&model=202018&group=80&subgroup=125&VinAction=Choose&language=en,
body_chassis_44V,80,80,135,ORTHOPAEDIC FRONT BACKREST,0,https://www.ilcats.ru/?brand=mercedes&vin=ADB2020186F450004&function=getParts&class=1&catalog=44V&aggtype=FG&model=202018&group=80&subgroup=135&VinAction=Choose&language=en,
body_chassis_44V,80,80,150,REAR HEADREST ADJUSTMENT,0,https://www.ilcats.ru/?brand=mercedes&vin=ADB2020186F450004&function=getParts&class=1&catalog=44V&aggtype=FG&model=202018&group=80&subgroup=150&VinAction=Choose&language=en,
body_chassis_44V,82,82,062,SWITCH IN INSTRUMENT PANEL AND CENTER CONSOLE,0,https://www.ilcats.ru/?brand=mercedes&vin=ADB2020186F450004&function=getParts&class=1&catalog=44V&aggtype=FG&model=202018&group=82&subgroup=062&VinAction=Choose&language=en,
body_chassis_44V,82,82,063,SWITCH IN ROOF CONTROL PANEL AND IN DOOR TRIM,0,https://www.ilcats.ru/?brand=mercedes&vin=ADB2020186F450004&function=getParts&class=1&catalog=44V&aggtype=FG&model=202018&group=82&subgroup=063&VinAction=Choose&language=en,
body_chassis_44V,82,82,108,CABLE COVERING & CABLE DUCTS,0,https://www.ilcats.ru/?brand=mercedes&vin=ADB2020186F450004&function=getParts&class=1&catalog=44V&aggtype=FG&model=202018&group=82&subgroup=108&VinAction=Choose&language=en,
body_chassis_44V,82,82,120,PANE WIPER,0,https://www.ilcats.ru/?brand=mercedes&vin=ADB2020186F450004&function=getParts&class=1&catalog=44V&aggtype=FG&model=202018&group=82&subgroup=120&VinAction=Choose&language=en,
body_chassis_44V,82,82,150,HEADLAMP WIPER/WASHER,0,https://www.ilcats.ru/?brand=mercedes&vin=ADB2020186F450004&function=getParts&class=1&catalog=44V&aggtype=FG&model=202018&group=82&subgroup=150&VinAction=Choose&language=en,
body_chassis_44V,82,82,165,INTERIOR LAMPS,0,https://www.ilcats.ru/?brand=mercedes&vin=ADB2020186F450004&function=getParts&class=1&catalog=44V&aggtype=FG&model=202018&group=82&subgroup=165&VinAction=Choose&language=en,
body_chassis_44V,82,82,174,CABLE HARNESS FOR EXIT AND INTERIOR LIGHT,0,https://www.ilcats.ru/?brand=mercedes&vin=ADB2020186F450004&function=getParts&class=1&catalog=44V&aggtype=FG&model=202018&group=82&subgroup=174&VinAction=Choose&language=en,
body_chassis_44V,82,82,176,LUGGAGE COMPARTMENT LAMP,0,https://www.ilcats.ru/?brand=mercedes&vin=ADB2020186F450004&function=getParts&class=1&catalog=44V&aggtype=FG&model=202018&group=82&subgroup=176&VinAction=Choose&language=en,
body_chassis_44V,82,82,180,LIGHTING UNIT,0,https://www.ilcats.ru/?brand=mercedes&vin=ADB2020186F450004&function=getParts&class=1&catalog=44V&aggtype=FG&model=202018&group=82&subgroup=180&VinAction=Choose&language=en,
body_chassis_44V,82,82,215,LIGHT RANGE ADJUSTER ELECTRIC,0,https://www.ilcats.ru/?brand=mercedes&vin=ADB2020186F450004&function=getParts&class=1&catalog=44V&aggtype=FG&model=202018&group=82&subgroup=215&VinAction=Choose&language=en,
body_chassis_44V,82,82,240,"REAR LAMPS, ADDITIONAL STOP LIGHT, AND LICENSE PLATE LAMP",0,https://www.ilcats.ru/?brand=mercedes&vin=ADB2020186F450004&function=getParts&class=1&catalog=44V&aggtype=FG&model=202018&group=82&subgroup=240&VinAction=Choose&language=en,
body_chassis_44V,82,82,287,"BELT LOCKING RETRACTOR, AIRBAG AND SIDEBAG",0,https://www.ilcats.ru/?brand=mercedes&vin=ADB2020186F450004&function=getParts&class=1&catalog=44V&aggtype=FG&model=202018&group=82&subgroup=287&VinAction=Choose&language=en,
body_chassis_44V,82,82,305,"RADIO SET, REMOTE CONTROL, AMPLIFIER, CD-PLAYER, LOUDSPEAKER",0,https://www.ilcats.ru/?brand=mercedes&vin=ADB2020186F450004&function=getParts&class=1&catalog=44V&aggtype=FG&model=202018&group=82&subgroup=305&VinAction=Choose&language=en,
body_chassis_44V,82,82,320,"CABLE HARNESS FOR RADIO, LOUDSPEAKER AND CD-PLAYER",0,https://www.ilcats.ru/?brand=mercedes&vin=ADB2020186F450004&function=getParts&class=1&catalog=44V&aggtype=FG&model=202018&group=82&subgroup=320&VinAction=Choose&language=en,
body_chassis_44V,82,82,332,AUTO PILOT SYSTEM (APS),0,https://www.ilcats.ru/?brand=mercedes&vin=ADB2020186F450004&function=getParts&class=1&catalog=44V&aggtype=FG&model=202018&group=82&subgroup=332&VinAction=Choose&language=en,
body_chassis_44V,82,82,336,"CAR PHONE,EMERGENCY CALL AND VOICE CONTROL SYSTEM",0,https://www.ilcats.ru/?brand=mercedes&vin=ADB2020186F450004&function=getParts&class=1&catalog=44V&aggtype=FG&model=202018&group=82&subgroup=336&VinAction=Choose&language=en,
body_chassis_44V,82,82,338,CABLE HARNESS AUTOMOBILE TELEPHONE,0,https://www.ilcats.ru/?brand=mercedes&vin=ADB2020186F450004&function=getParts&class=1&catalog=44V&aggtype=FG&model=202018&group=82&subgroup=338&VinAction=Choose&language=en,
body_chassis_44V,82,82,339,DISTRESS ALARM SYSTEM,0,https://www.ilcats.ru/?brand=mercedes&vin=ADB2020186F450004&function=getParts&class=1&catalog=44V&aggtype=FG&model=202018&group=82&subgroup=339&VinAction=Choose&language=en,
body_chassis_44V,82,82,340,ACCESSORIES USED FOR WIRELESS PLANTS,0,https://www.ilcats.ru/?brand=mercedes&vin=ADB2020186F450004&function=getParts&class=1&catalog=44V&aggtype=FG&model=202018&group=82&subgroup=340&VinAction=Choose&language=en,
body_chassis_44V,82,82,341,CABLE HARNESS FOR LANGUAGE CONTROL SYSTEM,0,https://www.ilcats.ru/?brand=mercedes&vin=ADB2020186F450004&function=getParts&class=1&catalog=44V&aggtype=FG&model=202018&group=82&subgroup=341&VinAction=Choose&language=en,
body_chassis_44V,82,82,345,ANTENNA,0,https://www.ilcats.ru/?brand=mercedes&vin=ADB2020186F450004&function=getParts&class=1&catalog=44V&aggtype=FG&model=202018&group=82&subgroup=345&VinAction=Choose&language=en,
body_chassis_44V,82,82,347,WIRING HARNESS BEAM WAVEGUIDE (D2B),0,https://www.ilcats.ru/?brand=mercedes&vin=ADB2020186F450004&function=getParts&class=1&catalog=44V&aggtype=FG&model=202018&group=82&subgroup=347&VinAction=Choose&language=en,
body_chassis_44V,82,82,358,ELECTRICALLY FOLDING OUTSIDE REARVIEW MIRROR,0,https://www.ilcats.ru/?brand=mercedes&vin=ADB2020186F450004&function=getParts&class=1&catalog=44V&aggtype=FG&model=202018&group=82&subgroup=358&VinAction=Choose&language=en,
body_chassis_44V,82,82,360,REARVIEW MIRROR ADJUSTMENT,0,https://www.ilcats.ru/?brand=mercedes&vin=ADB2020186F450004&function=getParts&class=1&catalog=44V&aggtype=FG&model=202018&group=82&subgroup=360&VinAction=Choose&language=en,
body_chassis_44V,82,82,405,ELECTRIC WINDOW REGULATOR,0,https://www.ilcats.ru/?brand=mercedes&vin=ADB2020186F450004&function=getParts&class=1&catalog=44V&aggtype=FG&model=202018&group=82&subgroup=405&VinAction=Choose&language=en,
body_chassis_44V,82,82,435,ELECTRIC SLIDING ROOF,0,https://www.ilcats.ru/?brand=mercedes&vin=ADB2020186F450004&function=getParts&class=1&catalog=44V&aggtype=FG&model=202018&group=82&subgroup=435&VinAction=Choose&language=en,
body_chassis_44V,82,82,445,REAR WINDOW ROLLER BLIND,0,https://www.ilcats.ru/?brand=mercedes&vin=ADB2020186F450004&function=getParts&class=1&catalog=44V&aggtype=FG&model=202018&group=82&subgroup=445&VinAction=Choose&language=en,
body_chassis_44V,82,82,465,ELECTRIC SEAT ADJUSTER,0,https://www.ilcats.ru/?brand=mercedes&vin=ADB2020186F450004&function=getParts&class=1&catalog=44V&aggtype=FG&model=202018&group=82&subgroup=465&VinAction=Choose&language=en,
body_chassis_44V,82,82,500,REAR HEADREST ADJUSTMENT,0,https://www.ilcats.ru/?brand=mercedes&vin=ADB2020186F450004&function=getParts&class=1&catalog=44V&aggtype=FG&model=202018&group=82&subgroup=500&VinAction=Choose&language=en,
body_chassis_44V,82,82,510,SEAT HEATING,0,https://www.ilcats.ru/?brand=mercedes&vin=ADB2020186F450004&function=getParts&class=1&catalog=44V&aggtype=FG&model=202018&group=82&subgroup=510&VinAction=Choose&language=en,
body_chassis_44V,82,82,540,BURGLARY ALARM SYSTEM AND INFRARED CLOSING SYSTEM,0,https://www.ilcats.ru/?brand=mercedes&vin=ADB2020186F450004&function=getParts&class=1&catalog=44V&aggtype=FG&model=202018&group=82&subgroup=540&VinAction=Choose&language=en,
body_chassis_44V,82,82,590,COMFORT CONTROL,0,https://www.ilcats.ru/?brand=mercedes&vin=ADB2020186F450004&function=getParts&class=1&catalog=44V&aggtype=FG&model=202018&group=82&subgroup=590&VinAction=Choose&language=en,
body_chassis_44V,82,82,605,DOOR CABLE HARNESSES & PROTECTIVE HOSES,0,https://www.ilcats.ru/?brand=mercedes&vin=ADB2020186F450004&function=getParts&class=1&catalog=44V&aggtype=FG&model=202018&group=82&subgroup=605&VinAction=Choose&language=en,
body_chassis_44V,82,82,610,PARKTRONIC SYSTEM (PTS),0,https://www.ilcats.ru/?brand=mercedes&vin=ADB2020186F450004&function=getParts&class=1&catalog=44V&aggtype=FG&model=202018&group=82&subgroup=610&VinAction=Choose&language=en,
body_chassis_44V,82,82,625,ADDITIONAL PARTS TAXI,0,https://www.ilcats.ru/?brand=mercedes&vin=ADB2020186F450004&function=getParts&class=1&catalog=44V&aggtype=FG&model=202018&group=82&subgroup=625&VinAction=Choose&language=en,
body_chassis_44V,82,82,629,ADDITIONAL PARTS FOR SPECIAL VEHICLES,0,https://www.ilcats.ru/?brand=mercedes&vin=ADB2020186F450004&function=getParts&class=1&catalog=44V&aggtype=FG&model=202018&group=82&subgroup=629&VinAction=Choose&language=en,
body_chassis_44V,82,82,631,CABLE HARNESSES FRAME-FLOOR-UNIT FOR SPECIAL VEHICLES,0,https://www.ilcats.ru/?brand=mercedes&vin=ADB2020186F450004&function=getParts&class=1&catalog=44V&aggtype=FG&model=202018&group=82&subgroup=631&VinAction=Choose&language=en,
body_chassis_44V,83,83,045,HEATER CASE WITH BLOWER,0,https://www.ilcats.ru/?brand=mercedes&vin=ADB2020186F450004&function=getParts&class=1&catalog=44V&aggtype=FG&model=202018&group=83&subgroup=045&VinAction=Choose&language=en,
body_chassis_44V,83,83,110,WATER BAFFLE WITH INTAKE SHELL,0,https://www.ilcats.ru/?brand=mercedes&vin=ADB2020186F450004&function=getParts&class=1&catalog=44V&aggtype=FG&model=202018&group=83&subgroup=110&VinAction=Choose&language=en,
body_chassis_44V,83,83,150,HEATING/AIR-CONDITIONER OPERATING UNIT,0,https://www.ilcats.ru/?brand=mercedes&vin=ADB2020186F450004&function=getParts&class=1&catalog=44V&aggtype=FG&model=202018&group=83&subgroup=150&VinAction=Choose&language=en,
body_chassis_44V,83,83,165,AIR GUIDE,0,https://www.ilcats.ru/?brand=mercedes&vin=ADB2020186F450004&function=getParts&class=1&catalog=44V&aggtype=FG&model=202018&group=83&subgroup=165&VinAction=Choose&language=en,
body_chassis_44V,83,83,180,HEATING WATER CONNECTION,0,https://www.ilcats.ru/?brand=mercedes&vin=ADB2020186F450004&function=getParts&class=1&catalog=44V&aggtype=FG&model=202018&group=83&subgroup=180&VinAction=Choose&language=en,
body_chassis_44V,83,83,195,REFRIGERANT LINE ARRANGEMENT,0,https://www.ilcats.ru/?brand=mercedes&vin=ADB2020186F450004&function=getParts&class=1&catalog=44V&aggtype=FG&model=202018&group=83&subgroup=195&VinAction=Choose&language=en,
body_chassis_44V,86,86,030,"PANE WASHER,HEADLAMP WIPER/WASHER",0,https://www.ilcats.ru/?brand=mercedes&vin=ADB2020186F450004&function=getParts&class=1&catalog=44V&aggtype=FG&model=202018&group=86&subgroup=030&VinAction=Choose&language=en,
body_chassis_44V,88,88,015,FRONT FENDER,0,https://www.ilcats.ru/?brand=mercedes&vin=ADB2020186F450004&function=getParts&class=1&catalog=44V&aggtype=FG&model=202018&group=88&subgroup=015&VinAction=Choose&language=en,
body_chassis_44V,88,88,030,FRONT BUMPER,0,https://www.ilcats.ru/?brand=mercedes&vin=ADB2020186F450004&function=getParts&class=1&catalog=44V&aggtype=FG&model=202018&group=88&subgroup=030&VinAction=Choose&language=en,
body_chassis_44V,88,88,075,REAR BUMPER,0,https://www.ilcats.ru/?brand=mercedes&vin=ADB2020186F450004&function=getParts&class=1&catalog=44V&aggtype=FG&model=202018&group=88&subgroup=075&VinAction=Choose&language=en,
body_chassis_44V,88,88,120,ENGINE HOOD,0,https://www.ilcats.ru/?brand=mercedes&vin=ADB2020186F450004&function=getParts&class=1&catalog=44V&aggtype=FG&model=202018&group=88&subgroup=120&VinAction=Choose&language=en,
body_chassis_44V,88,88,135,RADIATOR GRILLE SHELL,0,https://www.ilcats.ru/?brand=mercedes&vin=ADB2020186F450004&function=getParts&class=1&catalog=44V&aggtype=FG&model=202018&group=88&subgroup=135&VinAction=Choose&language=en,
body_chassis_44V,91,91,060,FRONT SEAT AND HEADREST,0,https://www.ilcats.ru/?brand=mercedes&vin=ADB2020186F450004&function=getParts&class=1&catalog=44V&aggtype=FG&model=202018&group=91&subgroup=060&VinAction=Choose&language=en,
body_chassis_44V,91,91,090,SEAT ADJUSTER,0,https://www.ilcats.ru/?brand=mercedes&vin=ADB2020186F450004&function=getParts&class=1&catalog=44V&aggtype=FG&model=202018&group=91&subgroup=090&VinAction=Choose&language=en,
body_chassis_44V,91,91,180,COVERINGS,0,https://www.ilcats.ru/?brand=mercedes&vin=ADB2020186F450004&function=getParts&class=1&catalog=44V&aggtype=FG&model=202018&group=91&subgroup=180&VinAction=Choose&language=en,
body_chassis_44V,91,91,225,FRONT SEAT SAFETY BELT,0,https://www.ilcats.ru/?brand=mercedes&vin=ADB2020186F450004&function=getParts&class=1&catalog=44V&aggtype=FG&model=202018&group=91&subgroup=225&VinAction=Choose&language=en,
body_chassis_44V,91,91,275,"FIRE EXTINGUISHER,DETACHABLE SEAT COMPONENTS FOR SPECIAL VEHICLES",0,https://www.ilcats.ru/?brand=mercedes&vin=ADB2020186F450004&function=getParts&class=1&catalog=44V&aggtype=FG&model=202018&group=91&subgroup=275&VinAction=Choose&language=en,
body_chassis_44V,92,92,010,REAR SEAT CUSHION,0,https://www.ilcats.ru/?brand=mercedes&vin=ADB2020186F450004&function=getParts&class=1&catalog=44V&aggtype=FG&model=202018&group=92&subgroup=010&VinAction=Choose&language=en,
body_chassis_44V,92,92,020,REAR BACKREST,0,https://www.ilcats.ru/?brand=mercedes&vin=ADB2020186F450004&function=getParts&class=1&catalog=44V&aggtype=FG&model=202018&group=92&subgroup=020&VinAction=Choose&language=en,
body_chassis_44V,92,92,022,REAR FOLDING BACKREST,0,https://www.ilcats.ru/?brand=mercedes&vin=ADB2020186F450004&function=getParts&class=1&catalog=44V&aggtype=FG&model=202018&group=92&subgroup=022&VinAction=Choose&language=en,
body_chassis_44V,92,92,095,SKI-BAG,0,https://www.ilcats.ru/?brand=mercedes&vin=ADB2020186F450004&function=getParts&class=1&catalog=44V&aggtype=FG&model=202018&group=92&subgroup=095&VinAction=Choose&language=en,
body_chassis_44V,92,92,100,HEADREST,0,https://www.ilcats.ru/?brand=mercedes&vin=ADB2020186F450004&function=getParts&class=1&catalog=44V&aggtype=FG&model=202018&group=92&subgroup=100&VinAction=Choose&language=en,
body_chassis_44V,92,92,150,REAR SEAT SAFETY BELT,0,https://www.ilcats.ru/?brand=mercedes&vin=ADB2020186F450004&function=getParts&class=1&catalog=44V&aggtype=FG&model=202018&group=92&subgroup=150&VinAction=Choose&language=en,
body_chassis_44V,92,92,155,"CHILD""S SEAT MOUNTING",0,https://www.ilcats.ru/?brand=mercedes&vin=ADB2020186F450004&function=getParts&class=1&catalog=44V&aggtype=FG&model=202018&group=92&subgroup=155&VinAction=Choose&language=en,
body_chassis_44V,98,98,380,TOOL AND SAFETY,0,https://www.ilcats.ru/?brand=mercedes&vin=ADB2020186F450004&function=getParts&class=1&catalog=44V&aggtype=FG&model=202018&group=98&subgroup=380&VinAction=Choose&language=en,
body_chassis_44V,99,99,050,"CO-DRIVER""S AIR BAG",0,https://www.ilcats.ru/?brand=mercedes&vin=ADB2020186F450004&function=getParts&class=1&catalog=44V&aggtype=FG&model=202018&group=99&subgroup=050&VinAction=Choose&language=en,
body_chassis_44V,99,99,125,HITCHING MECHANISM,0,https://www.ilcats.ru/?brand=mercedes&vin=ADB2020186F450004&function=getParts&class=1&catalog=44V&aggtype=FG&model=202018&group=99&subgroup=125&VinAction=Choose&language=en,
body_chassis_44V,99,99,140,OUTSIDE REARVIEW MIRROR,0,https://www.ilcats.ru/?brand=mercedes&vin=ADB2020186F450004&function=getParts&class=1&catalog=44V&aggtype=FG&model=202018&group=99&subgroup=140&VinAction=Choose&language=en,
body_chassis_44V,99,99,150,"AUTOTELEPHONE,MERCEDES-BENZ VERSION",0,https://www.ilcats.ru/?brand=mercedes&vin=ADB2020186F450004&function=getParts&class=1&catalog=44V&aggtype=FG&model=202018&group=99&subgroup=150&VinAction=Choose&language=en,
body_chassis_44V,99,99,250,BURGLARY ALARM SYSTEM,0,https://www.ilcats.ru/?brand=mercedes&vin=ADB2020186F450004&function=getParts&class=1&catalog=44V&aggtype=FG&model=202018&group=99&subgroup=250&VinAction=Choose&language=en,
body_chassis_44V,99,99,275,"OUTBOARD TEMPERATURE INDICATOR,ELECTR.",0,https://www.ilcats.ru/?brand=mercedes&vin=ADB2020186F450004&function=getParts&class=1&catalog=44V&aggtype=FG&model=202018&group=99&subgroup=275&VinAction=Choose&language=en,
body_chassis_44V,99,99,300,ELECTRIC WINDOW REGULATOR,0,https://www.ilcats.ru/?brand=mercedes&vin=ADB2020186F450004&function=getParts&class=1&catalog=44V&aggtype=FG&model=202018&group=99&subgroup=300&VinAction=Choose&language=en,
body_chassis_44V,99,99,325,REAR WINDOW ELECTRIC ROLLER BLIND,0,https://www.ilcats.ru/?brand=mercedes&vin=ADB2020186F450004&function=getParts&class=1&catalog=44V&aggtype=FG&model=202018&group=99&subgroup=325&VinAction=Choose&language=en,
body_chassis_44V,99,99,331,"HOUSING WITH TRAY, ARMREST, AND ASHTRAY",0,https://www.ilcats.ru/?brand=mercedes&vin=ADB2020186F450004&function=getParts&class=1&catalog=44V&aggtype=FG&model=202018&group=99&subgroup=331&VinAction=Choose&language=en,
body_chassis_44V,99,99,335,REAR LID ADDITIONAL LOCKING MECHANISM,0,https://www.ilcats.ru/?brand=mercedes&vin=ADB2020186F450004&function=getParts&class=1&catalog=44V&aggtype=FG&model=202018&group=99&subgroup=335&VinAction=Choose&language=en,
body_chassis_44V,99,99,337,INTERIOR SAFEGUARD,0,https://www.ilcats.ru/?brand=mercedes&vin=ADB2020186F450004&function=getParts&class=1&catalog=44V&aggtype=FG&model=202018&group=99&subgroup=337&VinAction=Choose&language=en,
body_chassis_44V,99,99,350,FRONT SEAT FOLDING ARMREST,0,https://www.ilcats.ru/?brand=mercedes&vin=ADB2020186F450004&function=getParts&class=1&catalog=44V&aggtype=FG&model=202018&group=99&subgroup=350&VinAction=Choose&language=en,
body_chassis_44V,99,99,400,AIR CONDITIONER,0,https://www.ilcats.ru/?brand=mercedes&vin=ADB2020186F450004&function=getParts&class=1&catalog=44V&aggtype=FG&model=202018&group=99&subgroup=400&VinAction=Choose&language=en,
body_chassis_44V,99,99,450,REAR SEAT HEADREST,0,https://www.ilcats.ru/?brand=mercedes&vin=ADB2020186F450004&function=getParts&class=1&catalog=44V&aggtype=FG&model=202018&group=99&subgroup=450&VinAction=Choose&language=en,
body_chassis_44V,99,99,525,FRONT ORTHOPAEDIC BACKREST,0,https://www.ilcats.ru/?brand=mercedes&vin=ADB2020186F450004&function=getParts&class=1&catalog=44V&aggtype=FG&model=202018&group=99&subgroup=525&VinAction=Choose&language=en,
body_chassis_44V,99,99,675,HEADLAMP WIPER/WASHER,0,https://www.ilcats.ru/?brand=mercedes&vin=ADB2020186F450004&function=getParts&class=1&catalog=44V&aggtype=FG&model=202018&group=99&subgroup=675&VinAction=Choose&language=en,
body_chassis_44V,99,99,750,SEAT HEATING,0,https://www.ilcats.ru/?brand=mercedes&vin=ADB2020186F450004&function=getParts&class=1&catalog=44V&aggtype=FG&model=202018&group=99&subgroup=750&VinAction=Choose&language=en,
body_chassis_44V,99,99,775,INDEPENDENT HEATING,0,https://www.ilcats.ru/?brand=mercedes&vin=ADB2020186F450004&function=getParts&class=1&catalog=44V&aggtype=FG&model=202018&group=99&subgroup=775&VinAction=Choose&language=en,
body_chassis_44V,99,99,800,TEMPOMAT (CRUISE CONTROL),0,https://www.ilcats.ru/?brand=mercedes&vin=ADB2020186F450004&function=getParts&class=1&catalog=44V&aggtype=FG&model=202018&group=99&subgroup=800&VinAction=Choose&language=en,
engine_111920,01,01,005,DESIGN GROUP ORIENTATION TABLE,0,https://www.ilcats.ru/?brand=mercedes&vin=ADB2020186F450004&function=getParts&class=1&catalog=44V&aggtype=FG&model=202018&spmcatalog=19K&spmaggtype=M&spmmodel=111920&group=01&subgroup=005&VinAction=Choose&language=en,
engine_111920,01,01,010,ENGINE,0,https://www.ilcats.ru/?brand=mercedes&vin=ADB2020186F450004&function=getParts&class=1&catalog=44V&aggtype=FG&model=202018&spmcatalog=19K&spmaggtype=M&spmmodel=111920&group=01&subgroup=010&VinAction=Choose&language=en,
engine_111920,01,01,012,BASIC ENGINE,0,https://www.ilcats.ru/?brand=mercedes&vin=ADB2020186F450004&function=getParts&class=1&catalog=44V&aggtype=FG&model=202018&spmcatalog=19K&spmaggtype=M&spmmodel=111920&group=01&subgroup=012&VinAction=Choose&language=en,
engine_111920,01,01,015,"CYLINDER CRANKCASE,COVER,GASKET KIT",0,https://www.ilcats.ru/?brand=mercedes&vin=ADB2020186F450004&function=getParts&class=1&catalog=44V&aggtype=FG&model=202018&spmcatalog=19K&spmaggtype=M&spmmodel=111920&group=01&subgroup=015&VinAction=Choose&language=en,
engine_111920,01,01,030,TIMING CASE,0,https://www.ilcats.ru/?brand=mercedes&vin=ADB2020186F450004&function=getParts&class=1&catalog=44V&aggtype=FG&model=202018&spmcatalog=19K&spmaggtype=M&spmmodel=111920&group=01&subgroup=030&VinAction=Choose&language=en,
engine_111920,01,01,045,OIL PAN & OIL LEVEL DISPLAY,0,https://www.ilcats.ru/?brand=mercedes&vin=ADB2020186F450004&function=getParts&class=1&catalog=44V&aggtype=FG&model=202018&spmcatalog=19K&spmaggtype=M&spmmodel=111920&group=01&subgroup=045&VinAction=Choose&language=en,
engine_111920,01,01,065,CYLINDER HEAD & GASKET KIT,0,https://www.ilcats.ru/?brand=mercedes&vin=ADB2020186F450004&function=getParts&class=1&catalog=44V&aggtype=FG&model=202018&spmcatalog=19K&spmaggtype=M&spmmodel=111920&group=01&subgroup=065&VinAction=Choose&language=en,
engine_111920,01,01,075,CYLINDER HEAD COVER,0,https://www.ilcats.ru/?brand=mercedes&vin=ADB2020186F450004&function=getParts&class=1&catalog=44V&aggtype=FG&model=202018&spmcatalog=19K&spmaggtype=M&spmmodel=111920&group=01&subgroup=075&VinAction=Choose&language=en,
engine_111920,03,03,015,CRANKSHAFT AND FLYWHEEL,0,https://www.ilcats.ru/?brand=mercedes&vin=ADB2020186F450004&function=getParts&class=1&catalog=44V&aggtype=FG&model=202018&spmcatalog=19K&spmaggtype=M&spmmodel=111920&group=03&subgroup=015&VinAction=Choose&language=en,
engine_111920,03,03,030,CONNECTING ROD AND PISTONS,0,https://www.ilcats.ru/?brand=mercedes&vin=ADB2020186F450004&function=getParts&class=1&catalog=44V&aggtype=FG&model=202018&spmcatalog=19K&spmaggtype=M&spmmodel=111920&group=03&subgroup=030&VinAction=Choose&language=en,
engine_111920,05,05,030,CAMSHAFT AND CAMSHAFT ADJUSTER,0,https://www.ilcats.ru/?brand=mercedes&vin=ADB2020186F450004&function=getParts&class=1&catalog=44V&aggtype=FG&model=202018&spmcatalog=19K&spmaggtype=M&spmmodel=111920&group=05&subgroup=030&VinAction=Choose&language=en,
engine_111920,05,05,045,CHAIN DRIVE,0,https://www.ilcats.ru/?brand=mercedes&vin=ADB2020186F450004&function=getParts&class=1&catalog=44V&aggtype=FG&model=202018&spmcatalog=19K&spmaggtype=M&spmmodel=111920&group=05&subgroup=045&VinAction=Choose&language=en,
engine_111920,05,05,060,VALVES,0,https://www.ilcats.ru/?brand=mercedes&vin=ADB2020186F450004&function=getParts&class=1&catalog=44V&aggtype=FG&model=202018&spmcatalog=19K&spmaggtype=M&spmmodel=111920&group=05&subgroup=060&VinAction=Choose&language=en,
engine_111920,07,07,040,"AIR-MASS SENSOR,THROTTLE VALVE ACTUATOR; USED WITH MOTRONIC",0,https://www.ilcats.ru/?brand=mercedes&vin=ADB2020186F450004&function=getParts&class=1&catalog=44V&aggtype=FG&model=202018&spmcatalog=19K&spmaggtype=M&spmmodel=111920&group=07&subgroup=040&VinAction=Choose&language=en,
engine_111920,07,07,095,"INJECTION VALVES,FUEL DISTRIBUTOR; USED WITH MOTRONIC",0,https://www.ilcats.ru/?brand=mercedes&vin=ADB2020186F450004&function=getParts&class=1&catalog=44V&aggtype=FG&model=202018&spmcatalog=19K&spmaggtype=M&spmmodel=111920&group=07&subgroup=095&VinAction=Choose&language=en,
engine_111920,07,07,160,MOTRONIC CONTROL,0,https://www.ilcats.ru/?brand=mercedes&vin=ADB2020186F450004&function=getParts&class=1&catalog=44V&aggtype=FG&model=202018&spmcatalog=19K&spmaggtype=M&spmmodel=111920&group=07&subgroup=160&VinAction=Choose&language=en,
engine_111920,07,07,185,TEMPOMAT CONTROL,0,https://www.ilcats.ru/?brand=mercedes&vin=ADB2020186F450004&function=getParts&class=1&catalog=44V&aggtype=FG&model=202018&spmcatalog=19K&spmaggtype=M&spmmodel=111920&group=07&subgroup=185&VinAction=Choose&language=en,
engine_111920,07,07,900,ADDITONAL PARTS FOR GAS OPERATION,0,https://www.ilcats.ru/?brand=mercedes&vin=ADB2020186F450004&function=getParts&class=1&catalog=44V&aggtype=FG&model=202018&spmcatalog=19K&spmaggtype=M&spmmodel=111920&group=07&subgroup=900&VinAction=Choose&language=en,
engine_111920,09,09,015,AIR CLEANER,0,https://www.ilcats.ru/?brand=mercedes&vin=ADB2020186F450004&function=getParts&class=1&catalog=44V&aggtype=FG&model=202018&spmcatalog=19K&spmaggtype=M&spmmodel=111920&group=09&subgroup=015&VinAction=Choose&language=en,
engine_111920,09,09,100,COMPRESSOR,0,https://www.ilcats.ru/?brand=mercedes&vin=ADB2020186F450004&function=getParts&class=1&catalog=44V&aggtype=FG&model=202018&spmcatalog=19K&spmaggtype=M&spmmodel=111920&group=09&subgroup=100&VinAction=Choose&language=en,
engine_111920,13,13,030,TANDEM PUMP AND POWER STEERING PUMP,0,https://www.ilcats.ru/?brand=mercedes&vin=ADB2020186F450004&function=getParts&class=1&catalog=44V&aggtype=FG&model=202018&spmcatalog=19K&spmaggtype=M&spmmodel=111920&group=13&subgroup=030&VinAction=Choose&language=en,
engine_111920,13,13,045,POWER STEERING PUMP ATTACHMENT PARTS,0,https://www.ilcats.ru/?brand=mercedes&vin=ADB2020186F450004&function=getParts&class=1&catalog=44V&aggtype=FG&model=202018&spmcatalog=19K&spmaggtype=M&spmmodel=111920&group=13&subgroup=045&VinAction=Choose&language=en,
engine_111920,13,13,060,REFRIGERANT COMPRESSOR,0,https://www.ilcats.ru/?brand=mercedes&vin=ADB2020186F450004&function=getParts&class=1&catalog=44V&aggtype=FG&model=202018&spmcatalog=19K&spmaggtype=M&spmmodel=111920&group=13&subgroup=060&VinAction=Choose&language=en,
engine_111920,13,13,075,REFRIGERANT COMPRESSOR ATTACHMENT PARTS,0,https://www.ilcats.ru/?brand=mercedes&vin=ADB2020186F450004&function=getParts&class=1&catalog=44V&aggtype=FG&model=202018&spmcatalog=19K&spmaggtype=M&spmmodel=111920&group=13&subgroup=075&VinAction=Choose&language=en,
engine_111920,13,13,135,V-BELT,0,https://www.ilcats.ru/?brand=mercedes&vin=ADB2020186F450004&function=getParts&class=1&catalog=44V&aggtype=FG&model=202018&spmcatalog=19K&spmaggtype=M&spmmodel=111920&group=13&subgroup=135&VinAction=Choose&language=en,
engine_111920,14,14,015,COLLECTIVE ILLUSTRATION VACUUM SYSTEM CONNECTING PARTS,0,https://www.ilcats.ru/?brand=mercedes&vin=ADB2020186F450004&function=getParts&class=1&catalog=44V&aggtype=FG&model=202018&spmcatalog=19K&spmaggtype=M&spmmodel=111920&group=14&subgroup=015&VinAction=Choose&language=en,
engine_111920,14,14,030,INTAKE MANIFOLD,0,https://www.ilcats.ru/?brand=mercedes&vin=ADB2020186F450004&function=getParts&class=1&catalog=44V&aggtype=FG&model=202018&spmcatalog=19K&spmaggtype=M&spmmodel=111920&group=14&subgroup=030&VinAction=Choose&language=en,
engine_111920,14,14,060,EXHAUST MANIFOLD,0,https://www.ilcats.ru/?brand=mercedes&vin=ADB2020186F450004&function=getParts&class=1&catalog=44V&aggtype=FG&model=202018&spmcatalog=19K&spmaggtype=M&spmmodel=111920&group=14&subgroup=060&VinAction=Choose&language=en,
engine_111920,14,14,124,VACUUM SYSTEM 202/208,0,https://www.ilcats.ru/?brand=mercedes&vin=ADB2020186F450004&function=getParts&class=1&catalog=44V&aggtype=FG&model=202018&spmcatalog=19K&spmaggtype=M&spmmodel=111920&group=14&subgroup=124&VinAction=Choose&language=en,
engine_111920,14,14,125,VACUUM SYSTEM 124,0,https://www.ilcats.ru/?brand=mercedes&vin=ADB2020186F450004&function=getParts&class=1&catalog=44V&aggtype=FG&model=202018&spmcatalog=19K&spmaggtype=M&spmmodel=111920&group=14&subgroup=125&VinAction=Choose&language=en,
engine_111920,14,14,170,VACUUM SYSTEM 210,0,https://www.ilcats.ru/?brand=mercedes&vin=ADB2020186F450004&function=getParts&class=1&catalog=44V&aggtype=FG&model=202018&spmcatalog=19K&spmaggtype=M&spmmodel=111920&group=14&subgroup=170&VinAction=Choose&language=en,
engine_111920,14,14,180,VACUUM SYSTEM 170,0,https://www.ilcats.ru/?brand=mercedes&vin=ADB2020186F450004&function=getParts&class=1&catalog=44V&aggtype=FG&model=202018&spmcatalog=19K&spmaggtype=M&spmmodel=111920&group=14&subgroup=180&VinAction=Choose&language=en,
engine_111920,15,15,015,STARTING MOTOR,0,https://www.ilcats.ru/?brand=mercedes&vin=ADB2020186F450004&function=getParts&class=1&catalog=44V&aggtype=FG&model=202018&spmcatalog=19K&spmaggtype=M&spmmodel=111920&group=15&subgroup=015&VinAction=Choose&language=en,
engine_111920,15,15,030,ALTERNATOR,0,https://www.ilcats.ru/?brand=mercedes&vin=ADB2020186F450004&function=getParts&class=1&catalog=44V&aggtype=FG&model=202018&spmcatalog=19K&spmaggtype=M&spmmodel=111920&group=15&subgroup=030&VinAction=Choose&language=en,
engine_111920,15,15,060,IGNITION SYSTEM,0,https://www.ilcats.ru/?brand=mercedes&vin=ADB2020186F450004&function=getParts&class=1&catalog=44V&aggtype=FG&model=202018&spmcatalog=19K&spmaggtype=M&spmmodel=111920&group=15&subgroup=060&VinAction=Choose&language=en,
engine_111920,15,15,075,"T.D.C. SENDER UNIT,POSITION SENDER UNIT,KNOCK SENSOR,AND GROUND STRAP",0,https://www.ilcats.ru/?brand=mercedes&vin=ADB2020186F450004&function=getParts&class=1&catalog=44V&aggtype=FG&model=202018&spmcatalog=19K&spmaggtype=M&spmmodel=111920&group=15&subgroup=075&VinAction=Choose&language=en,
engine_111920,15,15,120,"SWITCHES,SENDER UNITS,SENSORS",0,https://www.ilcats.ru/?brand=mercedes&vin=ADB2020186F450004&function=getParts&class=1&catalog=44V&aggtype=FG&model=202018&spmcatalog=19K&spmaggtype=M&spmmodel=111920&group=15&subgroup=120&VinAction=Choose&language=en,
engine_111920,15,15,135,INTAKE MANIFOLD PREHEATING,0,https://www.ilcats.ru/?brand=mercedes&vin=ADB2020186F450004&function=getParts&class=1&catalog=44V&aggtype=FG&model=202018&spmcatalog=19K&spmaggtype=M&spmmodel=111920&group=15&subgroup=135&VinAction=Choose&language=en,
engine_111920,15,15,145,FINAL CONTROL ELEMENT & ATTACHMENT PARTS,0,https://www.ilcats.ru/?brand=mercedes&vin=ADB2020186F450004&function=getParts&class=1&catalog=44V&aggtype=FG&model=202018&spmcatalog=19K&spmaggtype=M&spmmodel=111920&group=15&subgroup=145&VinAction=Choose&language=en,
engine_111920,18,18,015,OIL PUMP,0,https://www.ilcats.ru/?brand=mercedes&vin=ADB2020186F450004&function=getParts&class=1&catalog=44V&aggtype=FG&model=202018&spmcatalog=19K&spmaggtype=M&spmmodel=111920&group=18&subgroup=015&VinAction=Choose&language=en,
engine_111920,18,18,045,OIL FILTER,0,https://www.ilcats.ru/?brand=mercedes&vin=ADB2020186F450004&function=getParts&class=1&catalog=44V&aggtype=FG&model=202018&spmcatalog=19K&spmaggtype=M&spmmodel=111920&group=18&subgroup=045&VinAction=Choose&language=en,
engine_111920,20,20,015,WATER PUMP,0,https://www.ilcats.ru/?brand=mercedes&vin=ADB2020186F450004&function=getParts&class=1&catalog=44V&aggtype=FG&model=202018&spmcatalog=19K&spmaggtype=M&spmmodel=111920&group=20&subgroup=015&VinAction=Choose&language=en,
engine_111920,20,20,030,FAN,0,https://www.ilcats.ru/?brand=mercedes&vin=ADB2020186F450004&function=getParts&class=1&catalog=44V&aggtype=FG&model=202018&spmcatalog=19K&spmaggtype=M&spmmodel=111920&group=20&subgroup=030&VinAction=Choose&language=en,
engine_111920,20,20,045,BELT TIGHTENER,0,https://www.ilcats.ru/?brand=mercedes&vin=ADB2020186F450004&function=getParts&class=1&catalog=44V&aggtype=FG&model=202018&spmcatalog=19K&spmaggtype=M&spmmodel=111920&group=20&subgroup=045&VinAction=Choose&language=en,
engine_111920,20,20,100,COOLING WATER PRE-HEATER,0,https://www.ilcats.ru/?brand=mercedes&vin=ADB2020186F450004&function=getParts&class=1&catalog=44V&aggtype=FG&model=202018&spmcatalog=19K&spmaggtype=M&spmmodel=111920&group=20&subgroup=100&VinAction=Choose&language=en,
engine_111920,20,20,900,ADDITONAL PARTS FOR GAS OPERATION,0,https://www.ilcats.ru/?brand=mercedes&vin=ADB2020186F450004&function=getParts&class=1&catalog=44V&aggtype=FG&model=202018&spmcatalog=19K&spmaggtype=M&spmmodel=111920&group=20&subgroup=900&VinAction=Choose&language=en,
engine_111920,22,22,010,ENGINE SUPPORTS AND ATTACHMENT PARTS,0,https://www.ilcats.ru/?brand=mercedes&vin=ADB2020186F450004&function=getParts&class=1&catalog=44V&aggtype=FG&model=202018&spmcatalog=19K&spmaggtype=M&spmmodel=111920&group=22&subgroup=010&VinAction=Choose&language=en,
engine_111920,25,25,015,CLUTCH,0,https://www.ilcats.ru/?brand=mercedes&vin=ADB2020186F450004&function=getParts&class=1&catalog=44V&aggtype=FG&model=202018&spmcatalog=19K&spmaggtype=M&spmmodel=111920&group=25&subgroup=015&VinAction=Choose&language=en,
engine_111920,54,54,066,"STARTER CABLE HARNESS AND GROUND HARNESS, C/CLK-CLASS",0,https://www.ilcats.ru/?brand=mercedes&vin=ADB2020186F450004&function=getParts&class=1&catalog=44V&aggtype=FG&model=202018&spmcatalog=19K&spmaggtype=M&spmmodel=111920&group=54&subgroup=066&VinAction=Choose&language=en,
engine_111920,54,54,070,"STARTER CABLE HARNESS AND GROUND HARNESS,E-CLASS",0,https://www.ilcats.ru/?brand=mercedes&vin=ADB2020186F450004&function=getParts&class=1&catalog=44V&aggtype=FG&model=202018&spmcatalog=19K&spmaggtype=M&spmmodel=111920&group=54&subgroup=070&VinAction=Choose&language=en,
engine_111920,54,54,085,"STARTER CABLE HARNESS AND GROUND HARNESS,SLK-CLASS",0,https://www.ilcats.ru/?brand=mercedes&vin=ADB2020186F450004&function=getParts&class=1&catalog=44V&aggtype=FG&model=202018&spmcatalog=19K&spmaggtype=M&spmmodel=111920&group=54&subgroup=085&VinAction=Choose&language=en,
engine_111920,54,54,165,"ENGINE CABLE HARNESS, C/CLK-CLASS",0,https://www.ilcats.ru/?brand=mercedes&vin=ADB2020186F450004&function=getParts&class=1&catalog=44V&aggtype=FG&model=202018&spmcatalog=19K&spmaggtype=M&spmmodel=111920&group=54&subgroup=165&VinAction=Choose&language=en,
engine_111920,54,54,190,"ENGINE CABLE HARNESS,E/CLS-CLASS",0,https://www.ilcats.ru/?brand=mercedes&vin=ADB2020186F450004&function=getParts&class=1&catalog=44V&aggtype=FG&model=202018&spmcatalog=19K&spmaggtype=M&spmmodel=111920&group=54&subgroup=190&VinAction=Choose&language=en,
engine_111920,54,54,200,"ENGINE CABLE HARNESS,M/R CLASS",0,https://www.ilcats.ru/?brand=mercedes&vin=ADB2020186F450004&function=getParts&class=1&catalog=44V&aggtype=FG&model=202018&spmcatalog=19K&spmaggtype=M&spmmodel=111920&group=54&subgroup=200&VinAction=Choose&language=en,
engine_111920,54,54,280,"ENGINE CABLE HARNESS,SLK-CLASS",0,https://www.ilcats.ru/?brand=mercedes&vin=ADB2020186F450004&function=getParts&class=1&catalog=44V&aggtype=FG&model=202018&spmcatalog=19K&spmaggtype=M&spmmodel=111920&group=54&subgroup=280&VinAction=Choose&language=en,
engine_111920,54,54,375,ELECTRICAL PARTS USED FOR TRANSMISSION,0,https://www.ilcats.ru/?brand=mercedes&vin=ADB2020186F450004&function=getParts&class=1&catalog=44V&aggtype=FG&model=202018&spmcatalog=19K&spmaggtype=M&spmmodel=111920&group=54&subgroup=375&VinAction=Choose&language=en,
manual_transmission_717416,26,26,517,"TRANSMISSION ASSEMBLY WITH RELEASE BEARING, SLAVE CYLINDER GASKET KIT",0,https://www.ilcats.ru/?brand=mercedes&vin=ADB2020186F450004&function=getParts&class=1&catalog=44V&aggtype=FG&model=202018&spmcatalog=07B&spmaggtype=GM&spmmodel=717416&group=26&subgroup=517&VinAction=Choose&language=en,
manual_transmission_717416,26,26,530,"TRANSMISSION CASE,TRANSMISSION CASE FRONT COVER",0,https://www.ilcats.ru/?brand=mercedes&vin=ADB2020186F450004&function=getParts&class=1&catalog=44V&aggtype=FG&model=202018&spmcatalog=07B&spmaggtype=GM&spmmodel=717416&group=26&subgroup=530&VinAction=Choose&language=en,
manual_transmission_717416,26,26,545,TRANSMISSION SHAFTS AND GEARS,0,https://www.ilcats.ru/?brand=mercedes&vin=ADB2020186F450004&function=getParts&class=1&catalog=44V&aggtype=FG&model=202018&spmcatalog=07B&spmaggtype=GM&spmmodel=717416&group=26&subgroup=545&VinAction=Choose&language=en,
manual_transmission_717416,26,26,560,"INTERMEDIATE PIECE,REAR COVER, JOINT FLANGE",0,https://www.ilcats.ru/?brand=mercedes&vin=ADB2020186F450004&function=getParts&class=1&catalog=44V&aggtype=FG&model=202018&spmcatalog=07B&spmaggtype=GM&spmmodel=717416&group=26&subgroup=560&VinAction=Choose&language=en,
manual_transmission_717416,26,26,590,"SHIFTING FORK,SWINGING SHIFT LINK, SHIFT LEVER",0,https://www.ilcats.ru/?brand=mercedes&vin=ADB2020186F450004&function=getParts&class=1&catalog=44V&aggtype=FG&model=202018&spmcatalog=07B&spmaggtype=GM&spmmodel=717416&group=26&subgroup=590&VinAction=Choose&language=en,